#
# There is insufficient memory for the Java Runtime Environment to continue.
# Native memory allocation (malloc) failed to allocate 196784 bytes for Chunk::new
# Possible reasons:
#   The system is out of physical RAM or swap space
#   The process is running with CompressedOops enabled, and the Java Heap may be blocking the growth of the native heap
# Possible solutions:
#   Reduce memory load on the system
#   Increase physical memory or swap space
#   Check if swap backing store is full
#   Decrease Java heap size (-Xmx/-Xms)
#   Decrease number of Java threads
#   Decrease Java thread stack sizes (-Xss)
#   Set larger code cache with -XX:ReservedCodeCacheSize=
#   JVM is running with Unscaled Compressed Oops mode in which the Java heap is
#     placed in the first 4GB address space. The Java Heap base address is the
#     maximum limit for the native heap growth. Please use -XX:HeapBaseMinAddress
#     to set the Java Heap base and to place the Java Heap above 4GB virtual address.
# This output file may be truncated or incomplete.
#
#  Out of Memory Error (arena.cpp:189), pid=11088, tid=17436
#
# JRE version: Java(TM) SE Runtime Environment (17.0.12+8) (build 17.0.12+8-LTS-286)
# Java VM: Java HotSpot(TM) 64-Bit Server VM (17.0.12+8-LTS-286, mixed mode, sharing, tiered, compressed oops, compressed class ptrs, g1 gc, windows-amd64)
# No core dump will be written. Minidumps are not enabled by default on client versions of Windows
#

---------------  S U M M A R Y ------------

Command Line: --add-opens=java.base/java.lang=ALL-UNNAMED --add-opens=java.base/java.lang.invoke=ALL-UNNAMED --add-opens=java.base/java.util=ALL-UNNAMED --add-opens=java.prefs/java.util.prefs=ALL-UNNAMED --add-exports=jdk.compiler/com.sun.tools.javac.api=ALL-UNNAMED --add-exports=jdk.compiler/com.sun.tools.javac.util=ALL-UNNAMED --add-opens=java.base/java.util=ALL-UNNAMED --add-opens=java.prefs/java.util.prefs=ALL-UNNAMED --add-opens=java.base/java.nio.charset=ALL-UNNAMED --add-opens=java.base/java.net=ALL-UNNAMED --add-opens=java.base/java.util.concurrent=ALL-UNNAMED --add-opens=java.base/java.util.concurrent.atomic=ALL-UNNAMED --add-opens=java.xml/javax.xml.namespace=ALL-UNNAMED --add-opens=java.base/java.time=ALL-UNNAMED -XX:MaxMetaspaceSize=512m -Xmx2048m -Dfile.encoding=windows-1252 -Duser.country=US -Duser.language=en -Duser.variant -javaagent:C:\Users\hp\.gradle\wrapper\dists\gradle-9.4.1-bin\arn2x92ynaizyzdaamcbpbhtj\gradle-9.4.1\lib\agents\gradle-instrumentation-agent-9.4.1.jar org.gradle.launcher.daemon.bootstrap.GradleDaemon 9.4.1

Host: Intel(R) Core(TM) i5-10310U CPU @ 1.70GHz, 8 cores, 15G,  Windows 10 , 64 bit Build 19041 (10.0.19041.5915)
Time: Fri Oct  9 14:45:14 2026 India Standard Time elapsed time: 413.972066 seconds (0d 0h 6m 53s)

---------------  T H R E A D  ---------------

Current thread (0x00000227b60b2ae0):  JavaThread "C2 CompilerThread0" daemon [_thread_in_native, id=17436, stack(0x000000485d600000,0x000000485d700000)]


Current CompileTask:
C2: 413972 28316 %     4       org.jetbrains.kotlin.compilerRunner.ReportUtilsKt::escapeJavaStyleString @ 33 (527 bytes)

Stack: [0x000000485d600000,0x000000485d700000]
Native frames: (J=compiled Java code, j=interpreted, Vv=VM code, C=native code)
V  [jvm.dll+0x67a04a]
V  [jvm.dll+0x7da4ed]
V  [jvm.dll+0x7dbe33]
V  [jvm.dll+0x7dc4a3]
V  [jvm.dll+0x24508f]
V  [jvm.dll+0xab773]
V  [jvm.dll+0xabd3c]
V  [jvm.dll+0x361bee]
V  [jvm.dll+0x1ba45a]
V  [jvm.dll+0x216997]
V  [jvm.dll+0x215c6f]
V  [jvm.dll+0x1a2960]
V  [jvm.dll+0x22610b]
V  [jvm.dll+0x2242ab]
V  [jvm.dll+0x79075c]
V  [jvm.dll+0x78abea]
V  [jvm.dll+0x678f35]
C  [ucrtbase.dll+0x21bb2]
C  [KERNEL32.DLL+0x17374]
C  [ntdll.dll+0x4cc91]


---------------  P R O C E S S  ---------------

Threads class SMR info:
_java_thread_list=0x00000227dd6d9a90, length=90, elements={
0x0000022797e5e160, 0x00000227b6096dc0, 0x00000227b6097950, 0x00000227b60af250,
0x00000227b60b0c90, 0x00000227b60b1560, 0x00000227b60b1e30, 0x00000227b60b2ae0,
0x00000227b60b69a0, 0x00000227b60c16d0, 0x00000227b6082950, 0x00000227b644da70,
0x00000227d627b5c0, 0x00000227d7d45b80, 0x00000227d7bef170, 0x00000227d7bee240,
0x00000227d7bed820, 0x00000227d7bedd30, 0x00000227d8360ce0, 0x00000227d83611f0,
0x00000227d835da40, 0x00000227d9d78fe0, 0x00000227d9d73ee0, 0x00000227d9d75320,
0x00000227dc1e3340, 0x00000227dc1e7f30, 0x00000227dc1e7000, 0x00000227dc1e8440,
0x00000227dc1e0fd0, 0x00000227dc1e2410, 0x00000227d8e71a60, 0x00000227d8e6d380,
0x00000227d9d794f0, 0x00000227e2ac4240, 0x00000227e2ac28f0, 0x00000227e2ac65b0,
0x00000227e2ac23e0, 0x00000227e2ac5170, 0x00000227dc1e56b0, 0x00000227dc1e4270,
0x00000227dc1e5bc0, 0x00000227dc1e1f00, 0x00000227dc1e60d0, 0x00000227dc1e65e0,
0x00000227dc1e7510, 0x00000227dc1e7a20, 0x00000227d9d79a00, 0x00000227d9d79f10,
0x00000227d9d75830, 0x00000227d9d7a930, 0x00000227d9d7ae40, 0x00000227d9d74e10,
0x00000227d9d75d40, 0x00000227d9d76760, 0x00000227d9d76250, 0x00000227d9d77180,
0x00000227d9d77690, 0x00000227d9d77ba0, 0x00000227d9d780b0, 0x00000227e2ac6fd0,
0x00000227e2ac2e00, 0x00000227e2ac5b90, 0x00000227e2ac3310, 0x00000227e2ac6ac0,
0x00000227e2ac0580, 0x00000227e2ac19c0, 0x00000227e2ac60a0, 0x00000227e2ac0070,
0x00000227e2ac0fa0, 0x00000227d7befb90, 0x00000227d7bf05b0, 0x00000227d7beec60,
0x00000227d7bf0ac0, 0x00000227d7bef680, 0x00000227d7bee750, 0x00000227d835df50,
0x00000227d83607d0, 0x00000227d83602c0, 0x00000227d8e71550, 0x00000227d8e6d890,
0x00000227d8e742e0, 0x00000227d8e72ea0, 0x00000227d8e6ecd0, 0x00000227e2ac0a90,
0x00000227e2ac3820, 0x00000227d835ee80, 0x00000227dc1e14e0, 0x00000227db845ae0,
0x00000227db842330, 0x00000227db842d50
}

Java Threads: ( => current thread )
  0x0000022797e5e160 JavaThread "main" [_thread_blocked, id=15424, stack(0x000000485c900000,0x000000485ca00000)]
  0x00000227b6096dc0 JavaThread "Reference Handler" daemon [_thread_blocked, id=17576, stack(0x000000485d000000,0x000000485d100000)]
  0x00000227b6097950 JavaThread "Finalizer" daemon [_thread_blocked, id=16428, stack(0x000000485d100000,0x000000485d200000)]
  0x00000227b60af250 JavaThread "Signal Dispatcher" daemon [_thread_blocked, id=20220, stack(0x000000485d200000,0x000000485d300000)]
  0x00000227b60b0c90 JavaThread "Attach Listener" daemon [_thread_blocked, id=12752, stack(0x000000485d300000,0x000000485d400000)]
  0x00000227b60b1560 JavaThread "Service Thread" daemon [_thread_blocked, id=12008, stack(0x000000485d400000,0x000000485d500000)]
  0x00000227b60b1e30 JavaThread "Monitor Deflation Thread" daemon [_thread_blocked, id=17992, stack(0x000000485d500000,0x000000485d600000)]
=>0x00000227b60b2ae0 JavaThread "C2 CompilerThread0" daemon [_thread_in_native, id=17436, stack(0x000000485d600000,0x000000485d700000)]
  0x00000227b60b69a0 JavaThread "C1 CompilerThread0" daemon [_thread_blocked, id=7888, stack(0x000000485d700000,0x000000485d800000)]
  0x00000227b60c16d0 JavaThread "Sweeper thread" daemon [_thread_blocked, id=12876, stack(0x000000485d800000,0x000000485d900000)]
  0x00000227b6082950 JavaThread "Common-Cleaner" daemon [_thread_blocked, id=18856, stack(0x000000485d900000,0x000000485da00000)]
  0x00000227b644da70 JavaThread "Notification Thread" daemon [_thread_blocked, id=17432, stack(0x000000485da00000,0x000000485db00000)]
  0x00000227d627b5c0 JavaThread "Daemon health stats" [_thread_blocked, id=19024, stack(0x000000485e300000,0x000000485e400000)]
  0x00000227d7d45b80 JavaThread "Incoming local TCP Connector on port 59216" [_thread_in_native, id=18524, stack(0x000000485e400000,0x000000485e500000)]
  0x00000227d7bef170 JavaThread "Daemon periodic checks" [_thread_blocked, id=20064, stack(0x000000485e500000,0x000000485e600000)]
  0x00000227d7bee240 JavaThread "Cache worker for journal cache (C:\Users\hp\.gradle\caches\journal-1)" [_thread_blocked, id=10104, stack(0x000000485dc00000,0x000000485dd00000)]
  0x00000227d7bed820 JavaThread "File lock request listener" [_thread_in_native, id=17100, stack(0x000000485dd00000,0x000000485de00000)]
  0x00000227d7bedd30 JavaThread "Cache worker for file hash cache (C:\Users\hp\.gradle\caches\9.4.1\fileHashes)" [_thread_blocked, id=14044, stack(0x000000485ed00000,0x000000485ee00000)]
  0x00000227d8360ce0 JavaThread "File watcher server" daemon [_thread_in_native, id=9328, stack(0x000000485f500000,0x000000485f600000)]
  0x00000227d83611f0 JavaThread "File watcher consumer" daemon [_thread_blocked, id=9020, stack(0x000000485f600000,0x000000485f700000)]
  0x00000227d835da40 JavaThread "Cache worker for file content cache (C:\Users\hp\.gradle\caches\9.4.1\fileContent)" [_thread_blocked, id=19732, stack(0x000000485f700000,0x000000485f800000)]
  0x00000227d9d78fe0 JavaThread "jar transforms" [_thread_blocked, id=15664, stack(0x000000485fc00000,0x000000485fd00000)]
  0x00000227d9d73ee0 JavaThread "Memory manager" [_thread_blocked, id=3340, stack(0x0000004860600000,0x0000004860700000)]
  0x00000227d9d75320 JavaThread "ForkJoinPool.commonPool-worker-1" daemon [_thread_blocked, id=17208, stack(0x0000004860800000,0x0000004860900000)]
  0x00000227dc1e3340 JavaThread "ForkJoinPool.commonPool-worker-7" daemon [_thread_blocked, id=17504, stack(0x0000004860e00000,0x0000004860f00000)]
  0x00000227dc1e7f30 JavaThread "jar transforms Thread 2" [_thread_blocked, id=20096, stack(0x0000004861800000,0x0000004861900000)]
  0x00000227dc1e7000 JavaThread "jar transforms Thread 3" [_thread_blocked, id=16836, stack(0x0000004861900000,0x0000004861a00000)]
  0x00000227dc1e8440 JavaThread "jar transforms Thread 4" [_thread_blocked, id=19176, stack(0x0000004861a00000,0x0000004861b00000)]
  0x00000227dc1e0fd0 JavaThread "jar transforms Thread 5" [_thread_blocked, id=10168, stack(0x0000004861b00000,0x0000004861c00000)]
  0x00000227dc1e2410 JavaThread "jar transforms Thread 6" [_thread_blocked, id=9592, stack(0x0000004861c00000,0x0000004861d00000)]
  0x00000227d8e71a60 JavaThread "jar transforms Thread 7" [_thread_blocked, id=20068, stack(0x0000004860700000,0x0000004860800000)]
  0x00000227d8e6d380 JavaThread "jar transforms Thread 8" [_thread_blocked, id=1560, stack(0x0000004861e00000,0x0000004861f00000)]
  0x00000227d9d794f0 JavaThread "Cache worker for Java compile cache (C:\Users\hp\.gradle\caches\9.4.1\javaCompile)" [_thread_blocked, id=13676, stack(0x0000004862400000,0x0000004862500000)]
  0x00000227e2ac4240 JavaThread "RMI Scheduler(0)" daemon [_thread_blocked, id=10192, stack(0x0000004862700000,0x0000004862800000)]
  0x00000227e2ac28f0 JavaThread "RMI RenewClean-[127.0.0.1:17129,org.jetbrains.kotlin.daemon.common.LoopbackNetworkInterface$ClientLoopbackSocketFactory@3c43d41e]" daemon [_thread_blocked, id=20140, stack(0x0000004862900000,0x0000004862a00000)]
  0x00000227e2ac65b0 JavaThread "RMI GC Daemon" daemon [_thread_blocked, id=15724, stack(0x0000004862a00000,0x0000004862b00000)]
  0x00000227e2ac23e0 JavaThread "RMI TCP Accept-0" daemon [_thread_in_native, id=9116, stack(0x0000004862b00000,0x0000004862c00000)]
  0x00000227e2ac5170 JavaThread "RMI Reaper" [_thread_blocked, id=1716, stack(0x0000004862c00000,0x0000004862d00000)]
  0x00000227dc1e56b0 JavaThread "Daemon Thread 2" [_thread_blocked, id=3420, stack(0x000000485c800000,0x000000485c900000)]
  0x00000227dc1e4270 JavaThread "Handler for socket connection from /127.0.0.1:59216 to /127.0.0.1:59321" [_thread_in_native, id=4432, stack(0x000000485e600000,0x000000485e700000)]
  0x00000227dc1e5bc0 JavaThread "Cancel handler" [_thread_blocked, id=312, stack(0x000000485e700000,0x000000485e800000)]
  0x00000227dc1e1f00 JavaThread "Daemon worker Thread 2" [_thread_blocked, id=17184, stack(0x000000485e800000,0x000000485e900000)]
  0x00000227dc1e60d0 JavaThread "Asynchronous log dispatcher for DefaultDaemonConnection: socket connection from /127.0.0.1:59216 to /127.0.0.1:59321" [_thread_blocked, id=20152, stack(0x000000485e900000,0x000000485ea00000)]
  0x00000227dc1e65e0 JavaThread "Stdin handler" [_thread_blocked, id=20428, stack(0x000000485ea00000,0x000000485eb00000)]
  0x00000227dc1e7510 JavaThread "Daemon client event forwarder" [_thread_blocked, id=18188, stack(0x000000485eb00000,0x000000485ec00000)]
  0x00000227dc1e7a20 JavaThread "Cache worker for file hash cache (D:\Projects\myproj\myproj\klyenora\android\.gradle\9.4.1\fileHashes)" [_thread_blocked, id=16704, stack(0x000000485ec00000,0x000000485ed00000)]
  0x00000227d9d79a00 JavaThread "Cache worker for Build Output Cleanup Cache (D:\Projects\myproj\myproj\klyenora\android\.gradle\buildOutputCleanup)" [_thread_blocked, id=11948, stack(0x000000485ee00000,0x000000485ef00000)]
  0x00000227d9d79f10 JavaThread "Cache worker for checksums cache (D:\Projects\myproj\myproj\klyenora\android\.gradle\9.4.1\checksums)" [_thread_blocked, id=19296, stack(0x000000485f300000,0x000000485f400000)]
  0x00000227d9d75830 JavaThread "Cache worker for cache directory md-supplier (C:\Users\hp\.gradle\caches\9.4.1\md-supplier)" [_thread_blocked, id=17104, stack(0x000000485f400000,0x000000485f500000)]
  0x00000227d9d7a930 JavaThread "Cache worker for cache directory md-rule (C:\Users\hp\.gradle\caches\9.4.1\md-rule)" [_thread_blocked, id=18260, stack(0x000000485f800000,0x000000485f900000)]
  0x00000227d9d7ae40 JavaThread "Cache worker for Build Output Cleanup Cache (D:\Projects\myproj\myproj\klyenora\node_modules\@react-native\gradle-plugin\.gradle\buildOutputCleanup)" [_thread_blocked, id=16004, stack(0x000000485fa00000,0x000000485fb00000)]
  0x00000227d9d74e10 JavaThread "Build operations" [_thread_blocked, id=7492, stack(0x000000485fb00000,0x000000485fc00000)]
  0x00000227d9d75d40 JavaThread "Build operations Thread 2" [_thread_blocked, id=14676, stack(0x000000485fd00000,0x000000485fe00000)]
  0x00000227d9d76760 JavaThread "Build operations Thread 3" [_thread_blocked, id=18288, stack(0x000000485ff00000,0x0000004860000000)]
  0x00000227d9d76250 JavaThread "Build operations Thread 4" [_thread_blocked, id=2456, stack(0x0000004860000000,0x0000004860100000)]
  0x00000227d9d77180 JavaThread "Build operations Thread 5" [_thread_blocked, id=9344, stack(0x0000004860100000,0x0000004860200000)]
  0x00000227d9d77690 JavaThread "Build operations Thread 6" [_thread_blocked, id=11560, stack(0x0000004860200000,0x0000004860300000)]
  0x00000227d9d77ba0 JavaThread "Build operations Thread 7" [_thread_blocked, id=15084, stack(0x0000004860300000,0x0000004860400000)]
  0x00000227d9d780b0 JavaThread "Build operations Thread 8" [_thread_blocked, id=7240, stack(0x0000004860400000,0x0000004860500000)]
  0x00000227e2ac6fd0 JavaThread "build event listener" [_thread_blocked, id=16984, stack(0x0000004860500000,0x0000004860600000)]
  0x00000227e2ac2e00 JavaThread "ForkJoinPool.commonPool-worker-8" daemon [_thread_blocked, id=18068, stack(0x0000004860900000,0x0000004860a00000)]
  0x00000227e2ac5b90 JavaThread "ForkJoinPool.commonPool-worker-9" daemon [_thread_blocked, id=15976, stack(0x0000004860a00000,0x0000004860b00000)]
  0x00000227e2ac3310 JavaThread "ForkJoinPool.commonPool-worker-10" daemon [_thread_blocked, id=18056, stack(0x0000004860b00000,0x0000004860c00000)]
  0x00000227e2ac6ac0 JavaThread "ForkJoinPool.commonPool-worker-11" daemon [_thread_blocked, id=8832, stack(0x0000004860c00000,0x0000004860d00000)]
  0x00000227e2ac0580 JavaThread "ForkJoinPool.commonPool-worker-12" daemon [_thread_blocked, id=2064, stack(0x0000004860d00000,0x0000004860e00000)]
  0x00000227e2ac19c0 JavaThread "included builds" [_thread_blocked, id=17480, stack(0x0000004860f00000,0x0000004861000000)]
  0x00000227e2ac60a0 JavaThread "Execution worker" [_thread_blocked, id=16408, stack(0x0000004861000000,0x0000004861100000)]
  0x00000227e2ac0070 JavaThread "Execution worker Thread 2" [_thread_blocked, id=8200, stack(0x0000004861100000,0x0000004861200000)]
  0x00000227e2ac0fa0 JavaThread "Execution worker Thread 3" [_thread_blocked, id=8896, stack(0x0000004861200000,0x0000004861300000)]
  0x00000227d7befb90 JavaThread "Execution worker Thread 4" [_thread_blocked, id=19060, stack(0x0000004861300000,0x0000004861400000)]
  0x00000227d7bf05b0 JavaThread "Execution worker Thread 5" [_thread_blocked, id=19856, stack(0x0000004861400000,0x0000004861500000)]
  0x00000227d7beec60 JavaThread "Execution worker Thread 6" [_thread_blocked, id=19328, stack(0x0000004861500000,0x0000004861600000)]
  0x00000227d7bf0ac0 JavaThread "Execution worker Thread 7" [_thread_blocked, id=1988, stack(0x0000004861600000,0x0000004861700000)]
  0x00000227d7bef680 JavaThread "Cache worker for execution history cache (D:\Projects\myproj\myproj\klyenora\node_modules\@react-native\gradle-plugin\.gradle\9.4.1\executionHistory)" [_thread_blocked, id=14808, stack(0x0000004861700000,0x0000004861800000)]
  0x00000227d7bee750 JavaThread "build event listener" [_thread_blocked, id=6312, stack(0x0000004861d00000,0x0000004861e00000)]
  0x00000227d835df50 JavaThread "Problems report writer" [_thread_blocked, id=18160, stack(0x0000004861f00000,0x0000004862000000)]
  0x00000227d83607d0 JavaThread "Cache worker for execution history cache (D:\Projects\myproj\myproj\klyenora\android\.gradle\9.4.1\executionHistory)" [_thread_blocked, id=17008, stack(0x0000004862000000,0x0000004862100000)]
  0x00000227d83602c0 JavaThread "WorkerExecutor Queue" [_thread_blocked, id=20268, stack(0x0000004862100000,0x0000004862200000)]
  0x00000227d8e71550 JavaThread "WorkerExecutor Queue Thread 2" [_thread_blocked, id=7432, stack(0x000000485fe00000,0x000000485ff00000)]
  0x00000227d8e6d890 JavaThread "RMI RenewClean-[127.0.0.1:17149,org.jetbrains.kotlin.daemon.common.LoopbackNetworkInterface$ClientLoopbackSocketFactory@4d84941a]" daemon [_thread_blocked, id=11812, stack(0x000000485f200000,0x000000485f300000)]
  0x00000227d8e742e0 JavaThread "RMI TCP Connection(idle)" daemon [_thread_blocked, id=10636, stack(0x0000004862300000,0x0000004862400000)]
  0x00000227d8e72ea0 JavaThread "WorkerExecutor Queue Thread 3" [_thread_blocked, id=4620, stack(0x0000004862600000,0x0000004862700000)]
  0x00000227d8e6ecd0 JavaThread "WorkerExecutor Queue Thread 4" [_thread_blocked, id=8152, stack(0x0000004862800000,0x0000004862900000)]
  0x00000227e2ac0a90 JavaThread "WorkerExecutor Queue Thread 5" [_thread_blocked, id=6080, stack(0x0000004862d00000,0x0000004862e00000)]
  0x00000227e2ac3820 JavaThread "WorkerExecutor Queue Thread 6" [_thread_blocked, id=13024, stack(0x0000004862e00000,0x0000004862f00000)]
  0x00000227d835ee80 JavaThread "WorkerExecutor Queue Thread 7" [_thread_blocked, id=19132, stack(0x0000004862f00000,0x0000004863000000)]
  0x00000227dc1e14e0 JavaThread "WorkerExecutor Queue Thread 8" [_thread_blocked, id=11776, stack(0x0000004863000000,0x0000004863100000)]
  0x00000227db845ae0 JavaThread "Exec process Thread 4" [_thread_in_native, id=16280, stack(0x0000004863100000,0x0000004863200000)]
  0x00000227db842330 JavaThread "Exec process Thread 5" [_thread_in_native, id=10100, stack(0x0000004863200000,0x0000004863300000)]
  0x00000227db842d50 JavaThread "Exec process Thread 6" [_thread_in_native, id=3600, stack(0x0000004863300000,0x0000004863400000)]

Other Threads:
  0x00000227b60923a0 VMThread "VM Thread" [stack: 0x000000485cf00000,0x000000485d000000] [id=19852]
  0x0000022797ed41c0 WatcherThread [stack: 0x000000485db00000,0x000000485dc00000] [id=18824]
  0x0000022797eb9b70 GCTaskThread "GC Thread#0" [stack: 0x000000485ca00000,0x000000485cb00000] [id=9052]
  0x00000227d65efa40 GCTaskThread "GC Thread#1" [stack: 0x000000485de00000,0x000000485df00000] [id=19048]
  0x00000227d65efd00 GCTaskThread "GC Thread#2" [stack: 0x000000485df00000,0x000000485e000000] [id=18512]
  0x00000227d65effc0 GCTaskThread "GC Thread#3" [stack: 0x000000485e000000,0x000000485e100000] [id=17108]
  0x00000227d67b46d0 GCTaskThread "GC Thread#4" [stack: 0x000000485e100000,0x000000485e200000] [id=19340]
  0x00000227d67b4990 GCTaskThread "GC Thread#5" [stack: 0x000000485e200000,0x000000485e300000] [id=17304]
  0x00000227d6979b30 GCTaskThread "GC Thread#6" [stack: 0x000000485ef00000,0x000000485f000000] [id=11308]
  0x00000227d9c0edd0 GCTaskThread "GC Thread#7" [stack: 0x000000485f000000,0x000000485f100000] [id=20052]
  0x0000022797eca8d0 ConcurrentGCThread "G1 Main Marker" [stack: 0x000000485cb00000,0x000000485cc00000] [id=2416]
  0x0000022797ecc100 ConcurrentGCThread "G1 Conc#0" [stack: 0x000000485cc00000,0x000000485cd00000] [id=13048]
  0x00000227d9c0f790 ConcurrentGCThread "G1 Conc#1" [stack: 0x000000485f100000,0x000000485f200000] [id=7140]
  0x0000022797f2e7b0 ConcurrentGCThread "G1 Refine#0" [stack: 0x000000485cd00000,0x000000485ce00000] [id=16616]
  0x00000227d9a24430 ConcurrentGCThread "G1 Refine#1" [stack: 0x000000485f900000,0x000000485fa00000] [id=11704]
  0x00000227b5f4d6b0 ConcurrentGCThread "G1 Service" [stack: 0x000000485ce00000,0x000000485cf00000] [id=20272]

Threads with active compile tasks:
C2 CompilerThread0   414022 28316 %     4       org.jetbrains.kotlin.compilerRunner.ReportUtilsKt::escapeJavaStyleString @ 33 (527 bytes)

VM state: not at safepoint (normal execution)

VM Mutex/Monitor currently owned by a thread: None

Heap address: 0x0000000080000000, size: 2048 MB, Compressed Oops mode: 32-bit

CDS archive(s) mapped at: [0x00000227b7000000-0x00000227b7bd0000-0x00000227b7bd0000), size 12386304, SharedBaseAddress: 0x00000227b7000000, ArchiveRelocationMode: 1.
Compressed class space mapped at: 0x00000227b8000000-0x00000227d2000000, reserved size: 436207616
Narrow klass base: 0x00000227b7000000, Narrow klass shift: 0, Narrow klass range: 0x100000000

GC Precious Log:
 CPUs: 8 total, 8 available
 Memory: 16157M
 Large Page Support: Disabled
 NUMA Support: Disabled
 Compressed Oops: Enabled (32-bit)
 Heap Region Size: 1M
 Heap Min Capacity: 8M
 Heap Initial Capacity: 254M
 Heap Max Capacity: 2G
 Pre-touch: Disabled
 Parallel Workers: 8
 Concurrent Workers: 2
 Concurrent Refinement Workers: 8
 Periodic GC: Disabled

Heap:
 garbage-first heap   total 452608K, used 254557K [0x0000000080000000, 0x0000000100000000)
  region size 1024K, 20 young (20480K), 1 survivors (1024K)
 Metaspace       used 162860K, committed 164992K, reserved 622592K
  class space    used 22172K, committed 23232K, reserved 425984K

Heap Regions: E=young(eden), S=young(survivor), O=old, HS=humongous(starts), HC=humongous(continues), CS=collection set, F=free, OA=open archive, CA=closed archive, TAMS=top-at-mark-start (previous, next)
|   0|0x0000000080000000, 0x0000000080100000, 0x0000000080100000|100%|HS|  |TAMS 0x0000000080100000, 0x0000000080000000| Complete 
|   1|0x0000000080100000, 0x0000000080200000, 0x0000000080200000|100%|HC|  |TAMS 0x0000000080200000, 0x0000000080100000| Complete 
|   2|0x0000000080200000, 0x0000000080300000, 0x0000000080300000|100%|HC|  |TAMS 0x0000000080300000, 0x0000000080200000| Complete 
|   3|0x0000000080300000, 0x0000000080400000, 0x0000000080400000|100%|HC|  |TAMS 0x0000000080400000, 0x0000000080300000| Complete 
|   4|0x0000000080400000, 0x0000000080500000, 0x0000000080500000|100%| O|  |TAMS 0x0000000080500000, 0x0000000080400000| Untracked 
|   5|0x0000000080500000, 0x0000000080600000, 0x0000000080600000|100%| O|  |TAMS 0x0000000080600000, 0x0000000080500000| Untracked 
|   6|0x0000000080600000, 0x0000000080700000, 0x0000000080700000|100%| O|  |TAMS 0x0000000080700000, 0x0000000080600000| Untracked 
|   7|0x0000000080700000, 0x0000000080800000, 0x0000000080800000|100%| O|  |TAMS 0x0000000080800000, 0x0000000080700000| Untracked 
|   8|0x0000000080800000, 0x0000000080900000, 0x0000000080900000|100%| O|  |TAMS 0x0000000080900000, 0x0000000080800000| Untracked 
|   9|0x0000000080900000, 0x0000000080a00000, 0x0000000080a00000|100%|HS|  |TAMS 0x0000000080a00000, 0x0000000080900000| Complete 
|  10|0x0000000080a00000, 0x0000000080b00000, 0x0000000080b00000|100%| O|  |TAMS 0x0000000080b00000, 0x0000000080a00000| Untracked 
|  11|0x0000000080b00000, 0x0000000080c00000, 0x0000000080c00000|100%| O|  |TAMS 0x0000000080c00000, 0x0000000080b00000| Untracked 
|  12|0x0000000080c00000, 0x0000000080d00000, 0x0000000080d00000|100%| O|  |TAMS 0x0000000080d00000, 0x0000000080c00000| Untracked 
|  13|0x0000000080d00000, 0x0000000080e00000, 0x0000000080e00000|100%|HS|  |TAMS 0x0000000080e00000, 0x0000000080d00000| Complete 
|  14|0x0000000080e00000, 0x0000000080f00000, 0x0000000080f00000|100%| O|  |TAMS 0x0000000080f00000, 0x0000000080e00000| Untracked 
|  15|0x0000000080f00000, 0x0000000081000000, 0x0000000081000000|100%| O|  |TAMS 0x0000000081000000, 0x0000000080f00000| Untracked 
|  16|0x0000000081000000, 0x0000000081100000, 0x0000000081100000|100%| O|  |TAMS 0x0000000081100000, 0x0000000081000000| Untracked 
|  17|0x0000000081100000, 0x0000000081200000, 0x0000000081200000|100%| O|  |TAMS 0x0000000081200000, 0x0000000081100000| Untracked 
|  18|0x0000000081200000, 0x0000000081300000, 0x0000000081300000|100%| O|  |TAMS 0x0000000081300000, 0x0000000081200000| Untracked 
|  19|0x0000000081300000, 0x0000000081400000, 0x0000000081400000|100%| O|  |TAMS 0x0000000081400000, 0x0000000081300000| Untracked 
|  20|0x0000000081400000, 0x0000000081500000, 0x0000000081500000|100%| O|  |TAMS 0x0000000081500000, 0x0000000081400000| Untracked 
|  21|0x0000000081500000, 0x0000000081600000, 0x0000000081600000|100%| O|  |TAMS 0x0000000081600000, 0x0000000081500000| Untracked 
|  22|0x0000000081600000, 0x0000000081700000, 0x0000000081700000|100%| O|  |TAMS 0x0000000081700000, 0x0000000081600000| Untracked 
|  23|0x0000000081700000, 0x0000000081800000, 0x0000000081800000|100%| O|  |TAMS 0x0000000081800000, 0x0000000081700000| Untracked 
|  24|0x0000000081800000, 0x0000000081900000, 0x0000000081900000|100%| O|  |TAMS 0x0000000081900000, 0x0000000081800000| Untracked 
|  25|0x0000000081900000, 0x0000000081a00000, 0x0000000081a00000|100%| O|  |TAMS 0x0000000081a00000, 0x0000000081900000| Untracked 
|  26|0x0000000081a00000, 0x0000000081b00000, 0x0000000081b00000|100%| O|  |TAMS 0x0000000081b00000, 0x0000000081a00000| Untracked 
|  27|0x0000000081b00000, 0x0000000081c00000, 0x0000000081c00000|100%| O|  |TAMS 0x0000000081c00000, 0x0000000081b00000| Untracked 
|  28|0x0000000081c00000, 0x0000000081d00000, 0x0000000081d00000|100%| O|  |TAMS 0x0000000081d00000, 0x0000000081c00000| Untracked 
|  29|0x0000000081d00000, 0x0000000081e00000, 0x0000000081e00000|100%| O|  |TAMS 0x0000000081e00000, 0x0000000081d00000| Untracked 
|  30|0x0000000081e00000, 0x0000000081f00000, 0x0000000081f00000|100%| O|  |TAMS 0x0000000081f00000, 0x0000000081e00000| Untracked 
|  31|0x0000000081f00000, 0x0000000082000000, 0x0000000082000000|100%| O|  |TAMS 0x0000000082000000, 0x0000000081f00000| Untracked 
|  32|0x0000000082000000, 0x0000000082100000, 0x0000000082100000|100%| O|  |TAMS 0x0000000082100000, 0x0000000082000000| Untracked 
|  33|0x0000000082100000, 0x0000000082200000, 0x0000000082200000|100%| O|  |TAMS 0x0000000082200000, 0x0000000082100000| Untracked 
|  34|0x0000000082200000, 0x0000000082300000, 0x0000000082300000|100%| O|  |TAMS 0x0000000082300000, 0x0000000082200000| Untracked 
|  35|0x0000000082300000, 0x0000000082400000, 0x0000000082400000|100%| O|  |TAMS 0x0000000082400000, 0x0000000082300000| Untracked 
|  36|0x0000000082400000, 0x0000000082500000, 0x0000000082500000|100%| O|  |TAMS 0x0000000082500000, 0x0000000082400000| Untracked 
|  37|0x0000000082500000, 0x0000000082600000, 0x0000000082600000|100%|HS|  |TAMS 0x0000000082600000, 0x0000000082500000| Complete 
|  38|0x0000000082600000, 0x0000000082700000, 0x0000000082700000|100%|HC|  |TAMS 0x0000000082700000, 0x0000000082600000| Complete 
|  39|0x0000000082700000, 0x0000000082800000, 0x0000000082800000|100%| O|  |TAMS 0x0000000082800000, 0x0000000082700000| Untracked 
|  40|0x0000000082800000, 0x0000000082900000, 0x0000000082900000|100%| O|  |TAMS 0x0000000082900000, 0x0000000082800000| Untracked 
|  41|0x0000000082900000, 0x0000000082a00000, 0x0000000082a00000|100%| O|  |TAMS 0x0000000082a00000, 0x0000000082900000| Untracked 
|  42|0x0000000082a00000, 0x0000000082b00000, 0x0000000082b00000|100%| O|  |TAMS 0x0000000082b00000, 0x0000000082a00000| Untracked 
|  43|0x0000000082b00000, 0x0000000082c00000, 0x0000000082c00000|100%|HS|  |TAMS 0x0000000082c00000, 0x0000000082b00000| Complete 
|  44|0x0000000082c00000, 0x0000000082d00000, 0x0000000082d00000|100%|HC|  |TAMS 0x0000000082d00000, 0x0000000082c00000| Complete 
|  45|0x0000000082d00000, 0x0000000082e00000, 0x0000000082e00000|100%| O|  |TAMS 0x0000000082e00000, 0x0000000082d00000| Untracked 
|  46|0x0000000082e00000, 0x0000000082f00000, 0x0000000082f00000|100%| O|  |TAMS 0x0000000082f00000, 0x0000000082e00000| Untracked 
|  47|0x0000000082f00000, 0x0000000083000000, 0x0000000083000000|100%| O|  |TAMS 0x0000000083000000, 0x0000000082f00000| Untracked 
|  48|0x0000000083000000, 0x0000000083100000, 0x0000000083100000|100%| O|  |TAMS 0x0000000083100000, 0x0000000083000000| Untracked 
|  49|0x0000000083100000, 0x0000000083200000, 0x0000000083200000|100%| O|  |TAMS 0x0000000083200000, 0x0000000083100000| Untracked 
|  50|0x0000000083200000, 0x0000000083300000, 0x0000000083300000|100%| O|  |TAMS 0x0000000083300000, 0x0000000083200000| Untracked 
|  51|0x0000000083300000, 0x0000000083400000, 0x0000000083400000|100%| O|  |TAMS 0x0000000083400000, 0x0000000083300000| Untracked 
|  52|0x0000000083400000, 0x0000000083500000, 0x0000000083500000|100%| O|  |TAMS 0x0000000083500000, 0x0000000083400000| Untracked 
|  53|0x0000000083500000, 0x0000000083600000, 0x0000000083600000|100%| O|  |TAMS 0x0000000083500000, 0x0000000083500000| Untracked 
|  54|0x0000000083600000, 0x0000000083700000, 0x0000000083700000|100%| O|  |TAMS 0x0000000083700000, 0x0000000083600000| Untracked 
|  55|0x0000000083700000, 0x0000000083800000, 0x0000000083800000|100%| O|  |TAMS 0x0000000083800000, 0x0000000083700000| Untracked 
|  56|0x0000000083800000, 0x0000000083900000, 0x0000000083900000|100%| O|  |TAMS 0x0000000083900000, 0x0000000083800000| Untracked 
|  57|0x0000000083900000, 0x0000000083a00000, 0x0000000083a00000|100%| O|  |TAMS 0x0000000083a00000, 0x0000000083900000| Untracked 
|  58|0x0000000083a00000, 0x0000000083b00000, 0x0000000083b00000|100%| O|  |TAMS 0x0000000083b00000, 0x0000000083a00000| Untracked 
|  59|0x0000000083b00000, 0x0000000083c00000, 0x0000000083c00000|100%| O|  |TAMS 0x0000000083c00000, 0x0000000083b00000| Untracked 
|  60|0x0000000083c00000, 0x0000000083d00000, 0x0000000083d00000|100%| O|  |TAMS 0x0000000083d00000, 0x0000000083c00000| Untracked 
|  61|0x0000000083d00000, 0x0000000083e00000, 0x0000000083e00000|100%| O|  |TAMS 0x0000000083e00000, 0x0000000083d00000| Untracked 
|  62|0x0000000083e00000, 0x0000000083f00000, 0x0000000083f00000|100%| O|  |TAMS 0x0000000083f00000, 0x0000000083e00000| Untracked 
|  63|0x0000000083f00000, 0x0000000084000000, 0x0000000084000000|100%| O|  |TAMS 0x0000000083f00000, 0x0000000083f00000| Untracked 
|  64|0x0000000084000000, 0x0000000084100000, 0x0000000084100000|100%| O|  |TAMS 0x0000000084100000, 0x0000000084000000| Untracked 
|  65|0x0000000084100000, 0x0000000084200000, 0x0000000084200000|100%| O|  |TAMS 0x0000000084200000, 0x0000000084100000| Untracked 
|  66|0x0000000084200000, 0x0000000084300000, 0x0000000084300000|100%| O|  |TAMS 0x0000000084300000, 0x0000000084200000| Untracked 
|  67|0x0000000084300000, 0x0000000084400000, 0x0000000084400000|100%| O|  |TAMS 0x0000000084400000, 0x0000000084300000| Untracked 
|  68|0x0000000084400000, 0x0000000084500000, 0x0000000084500000|100%| O|  |TAMS 0x0000000084500000, 0x0000000084400000| Untracked 
|  69|0x0000000084500000, 0x0000000084600000, 0x0000000084600000|100%|HS|  |TAMS 0x0000000084600000, 0x0000000084500000| Complete 
|  70|0x0000000084600000, 0x0000000084700000, 0x0000000084700000|100%|HC|  |TAMS 0x0000000084700000, 0x0000000084600000| Complete 
|  71|0x0000000084700000, 0x0000000084800000, 0x0000000084800000|100%|HS|  |TAMS 0x0000000084800000, 0x0000000084700000| Complete 
|  72|0x0000000084800000, 0x0000000084900000, 0x0000000084900000|100%|HS|  |TAMS 0x0000000084900000, 0x0000000084800000| Complete 
|  73|0x0000000084900000, 0x0000000084a00000, 0x0000000084a00000|100%|HS|  |TAMS 0x0000000084a00000, 0x0000000084900000| Complete 
|  74|0x0000000084a00000, 0x0000000084b00000, 0x0000000084b00000|100%| O|  |TAMS 0x0000000084b00000, 0x0000000084a00000| Untracked 
|  75|0x0000000084b00000, 0x0000000084c00000, 0x0000000084c00000|100%|HS|  |TAMS 0x0000000084c00000, 0x0000000084b00000| Complete 
|  76|0x0000000084c00000, 0x0000000084d00000, 0x0000000084d00000|100%|HS|  |TAMS 0x0000000084d00000, 0x0000000084c00000| Complete 
|  77|0x0000000084d00000, 0x0000000084e00000, 0x0000000084e00000|100%| O|  |TAMS 0x0000000084e00000, 0x0000000084d00000| Untracked 
|  78|0x0000000084e00000, 0x0000000084f00000, 0x0000000084f00000|100%| O|  |TAMS 0x0000000084f00000, 0x0000000084e00000| Untracked 
|  79|0x0000000084f00000, 0x0000000085000000, 0x0000000085000000|100%| O|  |TAMS 0x0000000085000000, 0x0000000084f00000| Untracked 
|  80|0x0000000085000000, 0x0000000085100000, 0x0000000085100000|100%| O|  |TAMS 0x0000000085100000, 0x0000000085000000| Untracked 
|  81|0x0000000085100000, 0x0000000085200000, 0x0000000085200000|100%| O|  |TAMS 0x0000000085200000, 0x0000000085100000| Untracked 
|  82|0x0000000085200000, 0x0000000085300000, 0x0000000085300000|100%| O|  |TAMS 0x0000000085300000, 0x0000000085200000| Untracked 
|  83|0x0000000085300000, 0x0000000085400000, 0x0000000085400000|100%| O|  |TAMS 0x0000000085400000, 0x0000000085300000| Untracked 
|  84|0x0000000085400000, 0x0000000085500000, 0x0000000085500000|100%| O|  |TAMS 0x0000000085500000, 0x0000000085400000| Untracked 
|  85|0x0000000085500000, 0x0000000085600000, 0x0000000085600000|100%| O|  |TAMS 0x0000000085600000, 0x0000000085500000| Untracked 
|  86|0x0000000085600000, 0x0000000085700000, 0x0000000085700000|100%| O|  |TAMS 0x0000000085700000, 0x0000000085600000| Untracked 
|  87|0x0000000085700000, 0x0000000085800000, 0x0000000085800000|100%| O|  |TAMS 0x0000000085800000, 0x0000000085700000| Untracked 
|  88|0x0000000085800000, 0x0000000085900000, 0x0000000085900000|100%| O|  |TAMS 0x0000000085900000, 0x0000000085800000| Untracked 
|  89|0x0000000085900000, 0x0000000085a00000, 0x0000000085a00000|100%|HS|  |TAMS 0x0000000085a00000, 0x0000000085900000| Complete 
|  90|0x0000000085a00000, 0x0000000085b00000, 0x0000000085b00000|100%| O|  |TAMS 0x0000000085b00000, 0x0000000085a00000| Untracked 
|  91|0x0000000085b00000, 0x0000000085c00000, 0x0000000085c00000|100%|HS|  |TAMS 0x0000000085c00000, 0x0000000085b00000| Complete 
|  92|0x0000000085c00000, 0x0000000085d00000, 0x0000000085d00000|100%|HS|  |TAMS 0x0000000085d00000, 0x0000000085c00000| Complete 
|  93|0x0000000085d00000, 0x0000000085e00000, 0x0000000085e00000|100%|HC|  |TAMS 0x0000000085e00000, 0x0000000085d00000| Complete 
|  94|0x0000000085e00000, 0x0000000085f00000, 0x0000000085f00000|100%| O|  |TAMS 0x0000000085f00000, 0x0000000085e00000| Untracked 
|  95|0x0000000085f00000, 0x0000000086000000, 0x0000000086000000|100%| O|  |TAMS 0x0000000086000000, 0x0000000085f00000| Untracked 
|  96|0x0000000086000000, 0x0000000086100000, 0x0000000086100000|100%| O|  |TAMS 0x0000000086100000, 0x0000000086000000| Untracked 
|  97|0x0000000086100000, 0x0000000086200000, 0x0000000086200000|100%| O|  |TAMS 0x0000000086200000, 0x0000000086100000| Untracked 
|  98|0x0000000086200000, 0x0000000086300000, 0x0000000086300000|100%| O|  |TAMS 0x0000000086300000, 0x0000000086200000| Untracked 
|  99|0x0000000086300000, 0x0000000086400000, 0x0000000086400000|100%| O|  |TAMS 0x0000000086400000, 0x0000000086300000| Untracked 
| 100|0x0000000086400000, 0x0000000086500000, 0x0000000086500000|100%| O|  |TAMS 0x0000000086500000, 0x0000000086400000| Untracked 
| 101|0x0000000086500000, 0x0000000086600000, 0x0000000086600000|100%| O|  |TAMS 0x0000000086600000, 0x0000000086500000| Untracked 
| 102|0x0000000086600000, 0x0000000086700000, 0x0000000086700000|100%| O|  |TAMS 0x0000000086700000, 0x0000000086600000| Untracked 
| 103|0x0000000086700000, 0x0000000086800000, 0x0000000086800000|100%| O|  |TAMS 0x0000000086800000, 0x0000000086700000| Untracked 
| 104|0x0000000086800000, 0x0000000086900000, 0x0000000086900000|100%| O|  |TAMS 0x0000000086900000, 0x0000000086800000| Untracked 
| 105|0x0000000086900000, 0x0000000086a00000, 0x0000000086a00000|100%| O|  |TAMS 0x0000000086a00000, 0x0000000086900000| Untracked 
| 106|0x0000000086a00000, 0x0000000086b00000, 0x0000000086b00000|100%| O|  |TAMS 0x0000000086b00000, 0x0000000086a00000| Untracked 
| 107|0x0000000086b00000, 0x0000000086c00000, 0x0000000086c00000|100%| O|  |TAMS 0x0000000086c00000, 0x0000000086b00000| Untracked 
| 108|0x0000000086c00000, 0x0000000086d00000, 0x0000000086d00000|100%| O|  |TAMS 0x0000000086d00000, 0x0000000086c00000| Untracked 
| 109|0x0000000086d00000, 0x0000000086e00000, 0x0000000086e00000|100%| O|  |TAMS 0x0000000086e00000, 0x0000000086d00000| Untracked 
| 110|0x0000000086e00000, 0x0000000086f00000, 0x0000000086f00000|100%| O|  |TAMS 0x0000000086f00000, 0x0000000086e00000| Untracked 
| 111|0x0000000086f00000, 0x0000000087000000, 0x0000000087000000|100%|HS|  |TAMS 0x0000000087000000, 0x0000000086f00000| Complete 
| 112|0x0000000087000000, 0x0000000087100000, 0x0000000087100000|100%|HC|  |TAMS 0x0000000087100000, 0x0000000087000000| Complete 
| 113|0x0000000087100000, 0x0000000087100000, 0x0000000087200000|  0%| F|  |TAMS 0x0000000087100000, 0x0000000087100000| Untracked 
| 114|0x0000000087200000, 0x0000000087300000, 0x0000000087300000|100%| O|  |TAMS 0x0000000087300000, 0x0000000087200000| Untracked 
| 115|0x0000000087300000, 0x0000000087300000, 0x0000000087400000|  0%| F|  |TAMS 0x0000000087300000, 0x0000000087300000| Untracked 
| 116|0x0000000087400000, 0x0000000087500000, 0x0000000087500000|100%| O|  |TAMS 0x0000000087500000, 0x0000000087400000| Untracked 
| 117|0x0000000087500000, 0x0000000087600000, 0x0000000087600000|100%| O|  |TAMS 0x0000000087600000, 0x0000000087500000| Untracked 
| 118|0x0000000087600000, 0x0000000087700000, 0x0000000087700000|100%| O|  |TAMS 0x0000000087700000, 0x0000000087600000| Untracked 
| 119|0x0000000087700000, 0x0000000087800000, 0x0000000087800000|100%|HS|  |TAMS 0x0000000087800000, 0x0000000087700000| Complete 
| 120|0x0000000087800000, 0x0000000087900000, 0x0000000087900000|100%|HS|  |TAMS 0x0000000087900000, 0x0000000087800000| Complete 
| 121|0x0000000087900000, 0x0000000087a00000, 0x0000000087a00000|100%|HC|  |TAMS 0x0000000087a00000, 0x0000000087900000| Complete 
| 122|0x0000000087a00000, 0x0000000087b00000, 0x0000000087b00000|100%| O|  |TAMS 0x0000000087b00000, 0x0000000087a00000| Untracked 
| 123|0x0000000087b00000, 0x0000000087c00000, 0x0000000087c00000|100%| O|  |TAMS 0x0000000087c00000, 0x0000000087b00000| Untracked 
| 124|0x0000000087c00000, 0x0000000087d00000, 0x0000000087d00000|100%| O|  |TAMS 0x0000000087d00000, 0x0000000087c00000| Untracked 
| 125|0x0000000087d00000, 0x0000000087e00000, 0x0000000087e00000|100%| O|  |TAMS 0x0000000087e00000, 0x0000000087d00000| Untracked 
| 126|0x0000000087e00000, 0x0000000087e00000, 0x0000000087f00000|  0%| F|  |TAMS 0x0000000087e00000, 0x0000000087e00000| Untracked 
| 127|0x0000000087f00000, 0x0000000088000000, 0x0000000088000000|100%| O|  |TAMS 0x0000000088000000, 0x0000000087f00000| Untracked 
| 128|0x0000000088000000, 0x0000000088100000, 0x0000000088100000|100%| O|  |TAMS 0x0000000088100000, 0x0000000088000000| Untracked 
| 129|0x0000000088100000, 0x0000000088100000, 0x0000000088200000|  0%| F|  |TAMS 0x0000000088100000, 0x0000000088100000| Untracked 
| 130|0x0000000088200000, 0x0000000088200000, 0x0000000088300000|  0%| F|  |TAMS 0x0000000088200000, 0x0000000088200000| Untracked 
| 131|0x0000000088300000, 0x0000000088300000, 0x0000000088400000|  0%| F|  |TAMS 0x0000000088300000, 0x0000000088300000| Untracked 
| 132|0x0000000088400000, 0x0000000088400000, 0x0000000088500000|  0%| F|  |TAMS 0x0000000088400000, 0x0000000088400000| Untracked 
| 133|0x0000000088500000, 0x0000000088500000, 0x0000000088600000|  0%| F|  |TAMS 0x0000000088500000, 0x0000000088500000| Untracked 
| 134|0x0000000088600000, 0x0000000088600000, 0x0000000088700000|  0%| F|  |TAMS 0x0000000088600000, 0x0000000088600000| Untracked 
| 135|0x0000000088700000, 0x0000000088800000, 0x0000000088800000|100%| O|  |TAMS 0x0000000088800000, 0x0000000088700000| Untracked 
| 136|0x0000000088800000, 0x0000000088900000, 0x0000000088900000|100%| O|  |TAMS 0x0000000088900000, 0x0000000088800000| Untracked 
| 137|0x0000000088900000, 0x0000000088a00000, 0x0000000088a00000|100%| O|  |TAMS 0x0000000088a00000, 0x0000000088900000| Untracked 
| 138|0x0000000088a00000, 0x0000000088b00000, 0x0000000088b00000|100%| O|  |TAMS 0x0000000088b00000, 0x0000000088a00000| Untracked 
| 139|0x0000000088b00000, 0x0000000088c00000, 0x0000000088c00000|100%| O|  |TAMS 0x0000000088c00000, 0x0000000088b00000| Untracked 
| 140|0x0000000088c00000, 0x0000000088d00000, 0x0000000088d00000|100%| O|  |TAMS 0x0000000088d00000, 0x0000000088c00000| Untracked 
| 141|0x0000000088d00000, 0x0000000088e00000, 0x0000000088e00000|100%| O|  |TAMS 0x0000000088e00000, 0x0000000088d00000| Untracked 
| 142|0x0000000088e00000, 0x0000000088f00000, 0x0000000088f00000|100%| O|  |TAMS 0x0000000088f00000, 0x0000000088e00000| Untracked 
| 143|0x0000000088f00000, 0x0000000089000000, 0x0000000089000000|100%| O|  |TAMS 0x0000000088f00000, 0x0000000088f00000| Untracked 
| 144|0x0000000089000000, 0x0000000089100000, 0x0000000089100000|100%| O|  |TAMS 0x0000000089100000, 0x0000000089000000| Untracked 
| 145|0x0000000089100000, 0x0000000089200000, 0x0000000089200000|100%| O|  |TAMS 0x0000000089200000, 0x0000000089100000| Untracked 
| 146|0x0000000089200000, 0x0000000089300000, 0x0000000089300000|100%| O|  |TAMS 0x0000000089300000, 0x0000000089200000| Untracked 
| 147|0x0000000089300000, 0x0000000089400000, 0x0000000089400000|100%| O|  |TAMS 0x0000000089400000, 0x0000000089300000| Untracked 
| 148|0x0000000089400000, 0x0000000089400000, 0x0000000089500000|  0%| F|  |TAMS 0x0000000089400000, 0x0000000089400000| Untracked 
| 149|0x0000000089500000, 0x0000000089500000, 0x0000000089600000|  0%| F|  |TAMS 0x0000000089500000, 0x0000000089500000| Untracked 
| 150|0x0000000089600000, 0x0000000089700000, 0x0000000089700000|100%| O|  |TAMS 0x0000000089664a00, 0x0000000089600000| Untracked 
| 151|0x0000000089700000, 0x0000000089800000, 0x0000000089800000|100%| O|  |TAMS 0x0000000089700000, 0x0000000089700000| Untracked 
| 152|0x0000000089800000, 0x0000000089900000, 0x0000000089900000|100%| O|  |TAMS 0x0000000089800000, 0x0000000089800000| Untracked 
| 153|0x0000000089900000, 0x0000000089a00000, 0x0000000089a00000|100%| O|  |TAMS 0x0000000089900000, 0x0000000089900000| Untracked 
| 154|0x0000000089a00000, 0x0000000089b00000, 0x0000000089b00000|100%| O|  |TAMS 0x0000000089a00000, 0x0000000089a00000| Untracked 
| 155|0x0000000089b00000, 0x0000000089c00000, 0x0000000089c00000|100%| O|  |TAMS 0x0000000089c00000, 0x0000000089b00000| Untracked 
| 156|0x0000000089c00000, 0x0000000089d00000, 0x0000000089d00000|100%| O|  |TAMS 0x0000000089d00000, 0x0000000089c00000| Untracked 
| 157|0x0000000089d00000, 0x0000000089d00000, 0x0000000089e00000|  0%| F|  |TAMS 0x0000000089d00000, 0x0000000089d00000| Untracked 
| 158|0x0000000089e00000, 0x0000000089f00000, 0x0000000089f00000|100%| O|  |TAMS 0x0000000089f00000, 0x0000000089e00000| Untracked 
| 159|0x0000000089f00000, 0x000000008a000000, 0x000000008a000000|100%| O|  |TAMS 0x000000008a000000, 0x0000000089f00000| Untracked 
| 160|0x000000008a000000, 0x000000008a100000, 0x000000008a100000|100%| O|  |TAMS 0x000000008a100000, 0x000000008a000000| Untracked 
| 161|0x000000008a100000, 0x000000008a200000, 0x000000008a200000|100%| O|  |TAMS 0x000000008a200000, 0x000000008a100000| Untracked 
| 162|0x000000008a200000, 0x000000008a300000, 0x000000008a300000|100%| O|  |TAMS 0x000000008a300000, 0x000000008a200000| Untracked 
| 163|0x000000008a300000, 0x000000008a400000, 0x000000008a400000|100%| O|  |TAMS 0x000000008a400000, 0x000000008a300000| Untracked 
| 164|0x000000008a400000, 0x000000008a500000, 0x000000008a500000|100%| O|  |TAMS 0x000000008a500000, 0x000000008a400000| Untracked 
| 165|0x000000008a500000, 0x000000008a600000, 0x000000008a600000|100%| O|  |TAMS 0x000000008a600000, 0x000000008a500000| Untracked 
| 166|0x000000008a600000, 0x000000008a700000, 0x000000008a700000|100%| O|  |TAMS 0x000000008a700000, 0x000000008a600000| Untracked 
| 167|0x000000008a700000, 0x000000008a800000, 0x000000008a800000|100%| O|  |TAMS 0x000000008a800000, 0x000000008a700000| Untracked 
| 168|0x000000008a800000, 0x000000008a900000, 0x000000008a900000|100%| O|  |TAMS 0x000000008a900000, 0x000000008a800000| Untracked 
| 169|0x000000008a900000, 0x000000008aa00000, 0x000000008aa00000|100%| O|  |TAMS 0x000000008aa00000, 0x000000008a900000| Untracked 
| 170|0x000000008aa00000, 0x000000008ab00000, 0x000000008ab00000|100%| O|  |TAMS 0x000000008ab00000, 0x000000008aa00000| Untracked 
| 171|0x000000008ab00000, 0x000000008ac00000, 0x000000008ac00000|100%| O|  |TAMS 0x000000008ac00000, 0x000000008ab00000| Untracked 
| 172|0x000000008ac00000, 0x000000008ac00000, 0x000000008ad00000|  0%| F|  |TAMS 0x000000008ac00000, 0x000000008ac00000| Untracked 
| 173|0x000000008ad00000, 0x000000008ae00000, 0x000000008ae00000|100%| O|  |TAMS 0x000000008ae00000, 0x000000008ad00000| Untracked 
| 174|0x000000008ae00000, 0x000000008af00000, 0x000000008af00000|100%| O|  |TAMS 0x000000008af00000, 0x000000008ae00000| Untracked 
| 175|0x000000008af00000, 0x000000008b000000, 0x000000008b000000|100%| O|  |TAMS 0x000000008b000000, 0x000000008af00000| Untracked 
| 176|0x000000008b000000, 0x000000008b100000, 0x000000008b100000|100%| O|  |TAMS 0x000000008b100000, 0x000000008b000000| Untracked 
| 177|0x000000008b100000, 0x000000008b100000, 0x000000008b200000|  0%| F|  |TAMS 0x000000008b100000, 0x000000008b100000| Untracked 
| 178|0x000000008b200000, 0x000000008b200000, 0x000000008b300000|  0%| F|  |TAMS 0x000000008b200000, 0x000000008b200000| Untracked 
| 179|0x000000008b300000, 0x000000008b400000, 0x000000008b400000|100%| O|  |TAMS 0x000000008b400000, 0x000000008b300000| Untracked 
| 180|0x000000008b400000, 0x000000008b500000, 0x000000008b500000|100%| O|  |TAMS 0x000000008b400000, 0x000000008b400000| Untracked 
| 181|0x000000008b500000, 0x000000008b600000, 0x000000008b600000|100%| O|  |TAMS 0x000000008b600000, 0x000000008b500000| Untracked 
| 182|0x000000008b600000, 0x000000008b700000, 0x000000008b700000|100%| O|  |TAMS 0x000000008b700000, 0x000000008b600000| Untracked 
| 183|0x000000008b700000, 0x000000008b700000, 0x000000008b800000|  0%| F|  |TAMS 0x000000008b700000, 0x000000008b700000| Untracked 
| 184|0x000000008b800000, 0x000000008b800000, 0x000000008b900000|  0%| F|  |TAMS 0x000000008b800000, 0x000000008b800000| Untracked 
| 185|0x000000008b900000, 0x000000008ba00000, 0x000000008ba00000|100%| O|  |TAMS 0x000000008ba00000, 0x000000008b900000| Untracked 
| 186|0x000000008ba00000, 0x000000008bb00000, 0x000000008bb00000|100%| O|  |TAMS 0x000000008bb00000, 0x000000008ba00000| Untracked 
| 187|0x000000008bb00000, 0x000000008bc00000, 0x000000008bc00000|100%| O|  |TAMS 0x000000008bc00000, 0x000000008bb00000| Untracked 
| 188|0x000000008bc00000, 0x000000008bd00000, 0x000000008bd00000|100%| O|  |TAMS 0x000000008bd00000, 0x000000008bc00000| Untracked 
| 189|0x000000008bd00000, 0x000000008bd00000, 0x000000008be00000|  0%| F|  |TAMS 0x000000008bd00000, 0x000000008bd00000| Untracked 
| 190|0x000000008be00000, 0x000000008bf00000, 0x000000008bf00000|100%| O|  |TAMS 0x000000008bf00000, 0x000000008be00000| Untracked 
| 191|0x000000008bf00000, 0x000000008c000000, 0x000000008c000000|100%| O|  |TAMS 0x000000008c000000, 0x000000008bf00000| Untracked 
| 192|0x000000008c000000, 0x000000008c100000, 0x000000008c100000|100%| O|  |TAMS 0x000000008c100000, 0x000000008c000000| Untracked 
| 193|0x000000008c100000, 0x000000008c200000, 0x000000008c200000|100%| O|  |TAMS 0x000000008c200000, 0x000000008c100000| Untracked 
| 194|0x000000008c200000, 0x000000008c200000, 0x000000008c300000|  0%| F|  |TAMS 0x000000008c200000, 0x000000008c200000| Untracked 
| 195|0x000000008c300000, 0x000000008c400000, 0x000000008c400000|100%| O|  |TAMS 0x000000008c400000, 0x000000008c300000| Untracked 
| 196|0x000000008c400000, 0x000000008c500000, 0x000000008c500000|100%| O|  |TAMS 0x000000008c400000, 0x000000008c400000| Untracked 
| 197|0x000000008c500000, 0x000000008c600000, 0x000000008c600000|100%| O|  |TAMS 0x000000008c600000, 0x000000008c500000| Untracked 
| 198|0x000000008c600000, 0x000000008c700000, 0x000000008c700000|100%| O|  |TAMS 0x000000008c700000, 0x000000008c600000| Untracked 
| 199|0x000000008c700000, 0x000000008c700000, 0x000000008c800000|  0%| F|  |TAMS 0x000000008c700000, 0x000000008c700000| Untracked 
| 200|0x000000008c800000, 0x000000008c900000, 0x000000008c900000|100%| O|  |TAMS 0x000000008c800000, 0x000000008c800000| Untracked 
| 201|0x000000008c900000, 0x000000008ca00000, 0x000000008ca00000|100%| O|  |TAMS 0x000000008ca00000, 0x000000008c900000| Untracked 
| 202|0x000000008ca00000, 0x000000008cb00000, 0x000000008cb00000|100%| O|  |TAMS 0x000000008cb00000, 0x000000008ca00000| Untracked 
| 203|0x000000008cb00000, 0x000000008cc00000, 0x000000008cc00000|100%| O|  |TAMS 0x000000008cc00000, 0x000000008cb00000| Untracked 
| 204|0x000000008cc00000, 0x000000008cd00000, 0x000000008cd00000|100%| O|  |TAMS 0x000000008cd00000, 0x000000008cc00000| Untracked 
| 205|0x000000008cd00000, 0x000000008ce00000, 0x000000008ce00000|100%| O|  |TAMS 0x000000008ce00000, 0x000000008cd00000| Untracked 
| 206|0x000000008ce00000, 0x000000008cf00000, 0x000000008cf00000|100%| O|  |TAMS 0x000000008cf00000, 0x000000008ce00000| Untracked 
| 207|0x000000008cf00000, 0x000000008d000000, 0x000000008d000000|100%| O|  |TAMS 0x000000008d000000, 0x000000008cf00000| Untracked 
| 208|0x000000008d000000, 0x000000008d100000, 0x000000008d100000|100%| O|  |TAMS 0x000000008d100000, 0x000000008d000000| Untracked 
| 209|0x000000008d100000, 0x000000008d200000, 0x000000008d200000|100%| O|  |TAMS 0x000000008d200000, 0x000000008d100000| Untracked 
| 210|0x000000008d200000, 0x000000008d300000, 0x000000008d300000|100%| O|  |TAMS 0x000000008d300000, 0x000000008d200000| Untracked 
| 211|0x000000008d300000, 0x000000008d400000, 0x000000008d400000|100%| O|  |TAMS 0x000000008d400000, 0x000000008d300000| Untracked 
| 212|0x000000008d400000, 0x000000008d500000, 0x000000008d500000|100%| O|  |TAMS 0x000000008d500000, 0x000000008d400000| Untracked 
| 213|0x000000008d500000, 0x000000008d600000, 0x000000008d600000|100%| O|  |TAMS 0x000000008d600000, 0x000000008d500000| Untracked 
| 214|0x000000008d600000, 0x000000008d700000, 0x000000008d700000|100%| O|  |TAMS 0x000000008d700000, 0x000000008d600000| Untracked 
| 215|0x000000008d700000, 0x000000008d800000, 0x000000008d800000|100%| O|  |TAMS 0x000000008d800000, 0x000000008d700000| Untracked 
| 216|0x000000008d800000, 0x000000008d900000, 0x000000008d900000|100%| O|  |TAMS 0x000000008d900000, 0x000000008d800000| Untracked 
| 217|0x000000008d900000, 0x000000008da00000, 0x000000008da00000|100%| O|  |TAMS 0x000000008da00000, 0x000000008d900000| Untracked 
| 218|0x000000008da00000, 0x000000008db00000, 0x000000008db00000|100%| O|  |TAMS 0x000000008db00000, 0x000000008da00000| Untracked 
| 219|0x000000008db00000, 0x000000008dc00000, 0x000000008dc00000|100%| O|  |TAMS 0x000000008dc00000, 0x000000008db00000| Untracked 
| 220|0x000000008dc00000, 0x000000008dd00000, 0x000000008dd00000|100%| O|  |TAMS 0x000000008dd00000, 0x000000008dc00000| Untracked 
| 221|0x000000008dd00000, 0x000000008de00000, 0x000000008de00000|100%| O|  |TAMS 0x000000008de00000, 0x000000008dd00000| Untracked 
| 222|0x000000008de00000, 0x000000008df00000, 0x000000008df00000|100%| O|  |TAMS 0x000000008df00000, 0x000000008de00000| Untracked 
| 223|0x000000008df00000, 0x000000008e000000, 0x000000008e000000|100%| O|  |TAMS 0x000000008e000000, 0x000000008df00000| Untracked 
| 224|0x000000008e000000, 0x000000008e100000, 0x000000008e100000|100%| O|  |TAMS 0x000000008e100000, 0x000000008e000000| Untracked 
| 225|0x000000008e100000, 0x000000008e200000, 0x000000008e200000|100%| O|  |TAMS 0x000000008e200000, 0x000000008e100000| Untracked 
| 226|0x000000008e200000, 0x000000008e300000, 0x000000008e300000|100%| O|  |TAMS 0x000000008e300000, 0x000000008e200000| Untracked 
| 227|0x000000008e300000, 0x000000008e400000, 0x000000008e400000|100%| O|  |TAMS 0x000000008e400000, 0x000000008e300000| Untracked 
| 228|0x000000008e400000, 0x000000008e500000, 0x000000008e500000|100%| O|  |TAMS 0x000000008e400000, 0x000000008e400000| Untracked 
| 229|0x000000008e500000, 0x000000008e600000, 0x000000008e600000|100%| O|  |TAMS 0x000000008e600000, 0x000000008e500000| Untracked 
| 230|0x000000008e600000, 0x000000008e700000, 0x000000008e700000|100%| O|  |TAMS 0x000000008e700000, 0x000000008e600000| Untracked 
| 231|0x000000008e700000, 0x000000008e800000, 0x000000008e800000|100%| O|  |TAMS 0x000000008e800000, 0x000000008e700000| Untracked 
| 232|0x000000008e800000, 0x000000008e900000, 0x000000008e900000|100%| O|  |TAMS 0x000000008e900000, 0x000000008e800000| Untracked 
| 233|0x000000008e900000, 0x000000008ea00000, 0x000000008ea00000|100%| O|  |TAMS 0x000000008ea00000, 0x000000008e900000| Untracked 
| 234|0x000000008ea00000, 0x000000008eb00000, 0x000000008eb00000|100%| O|  |TAMS 0x000000008eb00000, 0x000000008ea00000| Untracked 
| 235|0x000000008eb00000, 0x000000008ec00000, 0x000000008ec00000|100%| O|  |TAMS 0x000000008ec00000, 0x000000008eb00000| Untracked 
| 236|0x000000008ec00000, 0x000000008ed00000, 0x000000008ed00000|100%| O|  |TAMS 0x000000008ed00000, 0x000000008ec00000| Untracked 
| 237|0x000000008ed00000, 0x000000008ee00000, 0x000000008ee00000|100%| O|  |TAMS 0x000000008ee00000, 0x000000008ed00000| Untracked 
| 238|0x000000008ee00000, 0x000000008ef00000, 0x000000008ef00000|100%| O|  |TAMS 0x000000008ef00000, 0x000000008ee00000| Untracked 
| 239|0x000000008ef00000, 0x000000008f000000, 0x000000008f000000|100%| O|  |TAMS 0x000000008f000000, 0x000000008ef00000| Untracked 
| 240|0x000000008f000000, 0x000000008f100000, 0x000000008f100000|100%| O|  |TAMS 0x000000008f100000, 0x000000008f000000| Untracked 
| 241|0x000000008f100000, 0x000000008f200000, 0x000000008f200000|100%| O|  |TAMS 0x000000008f200000, 0x000000008f100000| Untracked 
| 242|0x000000008f200000, 0x000000008f300000, 0x000000008f300000|100%| O|  |TAMS 0x000000008f300000, 0x000000008f200000| Untracked 
| 243|0x000000008f300000, 0x000000008f400000, 0x000000008f400000|100%| O|  |TAMS 0x000000008f400000, 0x000000008f300000| Untracked 
| 244|0x000000008f400000, 0x000000008f500000, 0x000000008f500000|100%| O|  |TAMS 0x000000008f500000, 0x000000008f400000| Untracked 
| 245|0x000000008f500000, 0x000000008f600000, 0x000000008f600000|100%| O|  |TAMS 0x000000008f600000, 0x000000008f500000| Untracked 
| 246|0x000000008f600000, 0x000000008f700000, 0x000000008f700000|100%| O|  |TAMS 0x000000008f700000, 0x000000008f600000| Untracked 
| 247|0x000000008f700000, 0x000000008f800000, 0x000000008f800000|100%| O|  |TAMS 0x000000008f700000, 0x000000008f700000| Untracked 
| 248|0x000000008f800000, 0x000000008f900000, 0x000000008f900000|100%| O|  |TAMS 0x000000008f800000, 0x000000008f800000| Untracked 
| 249|0x000000008f900000, 0x000000008fa00000, 0x000000008fa00000|100%| O|  |TAMS 0x000000008f900000, 0x000000008f900000| Untracked 
| 250|0x000000008fa00000, 0x000000008faa6200, 0x000000008fb00000| 64%| O|  |TAMS 0x000000008fa00000, 0x000000008fa00000| Untracked 
| 251|0x000000008fb00000, 0x000000008fb00000, 0x000000008fc00000|  0%| F|  |TAMS 0x000000008fb00000, 0x000000008fb00000| Untracked 
| 252|0x000000008fc00000, 0x000000008fc00000, 0x000000008fd00000|  0%| F|  |TAMS 0x000000008fc00000, 0x000000008fc00000| Untracked 
| 253|0x000000008fd00000, 0x000000008fd00000, 0x000000008fe00000|  0%| F|  |TAMS 0x000000008fd00000, 0x000000008fd00000| Untracked 
| 254|0x000000008fe00000, 0x000000008fe00000, 0x000000008ff00000|  0%| F|  |TAMS 0x000000008fe00000, 0x000000008fe00000| Untracked 
| 255|0x000000008ff00000, 0x000000008ff00000, 0x0000000090000000|  0%| F|  |TAMS 0x000000008ff00000, 0x000000008ff00000| Untracked 
| 256|0x0000000090000000, 0x0000000090000000, 0x0000000090100000|  0%| F|  |TAMS 0x0000000090000000, 0x0000000090000000| Untracked 
| 257|0x0000000090100000, 0x0000000090100000, 0x0000000090200000|  0%| F|  |TAMS 0x0000000090100000, 0x0000000090100000| Untracked 
| 258|0x0000000090200000, 0x0000000090200000, 0x0000000090300000|  0%| F|  |TAMS 0x0000000090200000, 0x0000000090200000| Untracked 
| 259|0x0000000090300000, 0x0000000090300000, 0x0000000090400000|  0%| F|  |TAMS 0x0000000090300000, 0x0000000090300000| Untracked 
| 260|0x0000000090400000, 0x0000000090400000, 0x0000000090500000|  0%| F|  |TAMS 0x0000000090400000, 0x0000000090400000| Untracked 
| 261|0x0000000090500000, 0x0000000090500000, 0x0000000090600000|  0%| F|  |TAMS 0x0000000090500000, 0x0000000090500000| Untracked 
| 262|0x0000000090600000, 0x0000000090600000, 0x0000000090700000|  0%| F|  |TAMS 0x0000000090600000, 0x0000000090600000| Untracked 
| 263|0x0000000090700000, 0x0000000090700000, 0x0000000090800000|  0%| F|  |TAMS 0x0000000090700000, 0x0000000090700000| Untracked 
| 264|0x0000000090800000, 0x0000000090800000, 0x0000000090900000|  0%| F|  |TAMS 0x0000000090800000, 0x0000000090800000| Untracked 
| 265|0x0000000090900000, 0x0000000090900000, 0x0000000090a00000|  0%| F|  |TAMS 0x0000000090900000, 0x0000000090900000| Untracked 
| 266|0x0000000090a00000, 0x0000000090a00000, 0x0000000090b00000|  0%| F|  |TAMS 0x0000000090a00000, 0x0000000090a00000| Untracked 
| 267|0x0000000090b00000, 0x0000000090b00000, 0x0000000090c00000|  0%| F|  |TAMS 0x0000000090b00000, 0x0000000090b00000| Untracked 
| 268|0x0000000090c00000, 0x0000000090c00000, 0x0000000090d00000|  0%| F|  |TAMS 0x0000000090c00000, 0x0000000090c00000| Untracked 
| 269|0x0000000090d00000, 0x0000000090d00000, 0x0000000090e00000|  0%| F|  |TAMS 0x0000000090d00000, 0x0000000090d00000| Untracked 
| 270|0x0000000090e00000, 0x0000000090e00000, 0x0000000090f00000|  0%| F|  |TAMS 0x0000000090e00000, 0x0000000090e00000| Untracked 
| 271|0x0000000090f00000, 0x0000000090f00000, 0x0000000091000000|  0%| F|  |TAMS 0x0000000090f00000, 0x0000000090f00000| Untracked 
| 272|0x0000000091000000, 0x0000000091000000, 0x0000000091100000|  0%| F|  |TAMS 0x0000000091000000, 0x0000000091000000| Untracked 
| 273|0x0000000091100000, 0x0000000091100000, 0x0000000091200000|  0%| F|  |TAMS 0x0000000091100000, 0x0000000091100000| Untracked 
| 274|0x0000000091200000, 0x0000000091200000, 0x0000000091300000|  0%| F|  |TAMS 0x0000000091200000, 0x0000000091200000| Untracked 
| 275|0x0000000091300000, 0x0000000091300000, 0x0000000091400000|  0%| F|  |TAMS 0x0000000091300000, 0x0000000091300000| Untracked 
| 276|0x0000000091400000, 0x0000000091400000, 0x0000000091500000|  0%| F|  |TAMS 0x0000000091400000, 0x0000000091400000| Untracked 
| 277|0x0000000091500000, 0x0000000091500000, 0x0000000091600000|  0%| F|  |TAMS 0x0000000091500000, 0x0000000091500000| Untracked 
| 278|0x0000000091600000, 0x0000000091600000, 0x0000000091700000|  0%| F|  |TAMS 0x0000000091600000, 0x0000000091600000| Untracked 
| 279|0x0000000091700000, 0x0000000091700000, 0x0000000091800000|  0%| F|  |TAMS 0x0000000091700000, 0x0000000091700000| Untracked 
| 280|0x0000000091800000, 0x0000000091800000, 0x0000000091900000|  0%| F|  |TAMS 0x0000000091800000, 0x0000000091800000| Untracked 
| 281|0x0000000091900000, 0x0000000091900000, 0x0000000091a00000|  0%| F|  |TAMS 0x0000000091900000, 0x0000000091900000| Untracked 
| 282|0x0000000091a00000, 0x0000000091a00000, 0x0000000091b00000|  0%| F|  |TAMS 0x0000000091a00000, 0x0000000091a00000| Untracked 
| 283|0x0000000091b00000, 0x0000000091b00000, 0x0000000091c00000|  0%| F|  |TAMS 0x0000000091b00000, 0x0000000091b00000| Untracked 
| 284|0x0000000091c00000, 0x0000000091c00000, 0x0000000091d00000|  0%| F|  |TAMS 0x0000000091c00000, 0x0000000091c00000| Untracked 
| 285|0x0000000091d00000, 0x0000000091d00000, 0x0000000091e00000|  0%| F|  |TAMS 0x0000000091d00000, 0x0000000091d00000| Untracked 
| 286|0x0000000091e00000, 0x0000000091e00000, 0x0000000091f00000|  0%| F|  |TAMS 0x0000000091e00000, 0x0000000091e00000| Untracked 
| 287|0x0000000091f00000, 0x0000000091f00000, 0x0000000092000000|  0%| F|  |TAMS 0x0000000091f00000, 0x0000000091f00000| Untracked 
| 288|0x0000000092000000, 0x0000000092000000, 0x0000000092100000|  0%| F|  |TAMS 0x0000000092000000, 0x0000000092000000| Untracked 
| 289|0x0000000092100000, 0x0000000092100000, 0x0000000092200000|  0%| F|  |TAMS 0x0000000092100000, 0x0000000092100000| Untracked 
| 290|0x0000000092200000, 0x0000000092200000, 0x0000000092300000|  0%| F|  |TAMS 0x0000000092200000, 0x0000000092200000| Untracked 
| 291|0x0000000092300000, 0x0000000092300000, 0x0000000092400000|  0%| F|  |TAMS 0x0000000092300000, 0x0000000092300000| Untracked 
| 292|0x0000000092400000, 0x0000000092400000, 0x0000000092500000|  0%| F|  |TAMS 0x0000000092400000, 0x0000000092400000| Untracked 
| 293|0x0000000092500000, 0x0000000092500000, 0x0000000092600000|  0%| F|  |TAMS 0x0000000092500000, 0x0000000092500000| Untracked 
| 294|0x0000000092600000, 0x0000000092600000, 0x0000000092700000|  0%| F|  |TAMS 0x0000000092600000, 0x0000000092600000| Untracked 
| 295|0x0000000092700000, 0x0000000092700000, 0x0000000092800000|  0%| F|  |TAMS 0x0000000092700000, 0x0000000092700000| Untracked 
| 296|0x0000000092800000, 0x0000000092800000, 0x0000000092900000|  0%| F|  |TAMS 0x0000000092800000, 0x0000000092800000| Untracked 
| 297|0x0000000092900000, 0x0000000092900000, 0x0000000092a00000|  0%| F|  |TAMS 0x0000000092900000, 0x0000000092900000| Untracked 
| 298|0x0000000092a00000, 0x0000000092a00000, 0x0000000092b00000|  0%| F|  |TAMS 0x0000000092a00000, 0x0000000092a00000| Untracked 
| 299|0x0000000092b00000, 0x0000000092b00000, 0x0000000092c00000|  0%| F|  |TAMS 0x0000000092b00000, 0x0000000092b00000| Untracked 
| 300|0x0000000092c00000, 0x0000000092c00000, 0x0000000092d00000|  0%| F|  |TAMS 0x0000000092c00000, 0x0000000092c00000| Untracked 
| 301|0x0000000092d00000, 0x0000000092d00000, 0x0000000092e00000|  0%| F|  |TAMS 0x0000000092d00000, 0x0000000092d00000| Untracked 
| 302|0x0000000092e00000, 0x0000000092e00000, 0x0000000092f00000|  0%| F|  |TAMS 0x0000000092e00000, 0x0000000092e00000| Untracked 
| 303|0x0000000092f00000, 0x0000000092f00000, 0x0000000093000000|  0%| F|  |TAMS 0x0000000092f00000, 0x0000000092f00000| Untracked 
| 304|0x0000000093000000, 0x0000000093000000, 0x0000000093100000|  0%| F|  |TAMS 0x0000000093000000, 0x0000000093000000| Untracked 
| 305|0x0000000093100000, 0x0000000093100000, 0x0000000093200000|  0%| F|  |TAMS 0x0000000093100000, 0x0000000093100000| Untracked 
| 306|0x0000000093200000, 0x0000000093200000, 0x0000000093300000|  0%| F|  |TAMS 0x0000000093200000, 0x0000000093200000| Untracked 
| 307|0x0000000093300000, 0x0000000093300000, 0x0000000093400000|  0%| F|  |TAMS 0x0000000093300000, 0x0000000093300000| Untracked 
| 308|0x0000000093400000, 0x0000000093400000, 0x0000000093500000|  0%| F|  |TAMS 0x0000000093400000, 0x0000000093400000| Untracked 
| 309|0x0000000093500000, 0x0000000093500000, 0x0000000093600000|  0%| F|  |TAMS 0x0000000093500000, 0x0000000093500000| Untracked 
| 310|0x0000000093600000, 0x0000000093600000, 0x0000000093700000|  0%| F|  |TAMS 0x0000000093600000, 0x0000000093600000| Untracked 
| 311|0x0000000093700000, 0x0000000093700000, 0x0000000093800000|  0%| F|  |TAMS 0x0000000093700000, 0x0000000093700000| Untracked 
| 312|0x0000000093800000, 0x0000000093800000, 0x0000000093900000|  0%| F|  |TAMS 0x0000000093800000, 0x0000000093800000| Untracked 
| 313|0x0000000093900000, 0x0000000093900000, 0x0000000093a00000|  0%| F|  |TAMS 0x0000000093900000, 0x0000000093900000| Untracked 
| 314|0x0000000093a00000, 0x0000000093a00000, 0x0000000093b00000|  0%| F|  |TAMS 0x0000000093a00000, 0x0000000093a00000| Untracked 
| 315|0x0000000093b00000, 0x0000000093b00000, 0x0000000093c00000|  0%| F|  |TAMS 0x0000000093b00000, 0x0000000093b00000| Untracked 
| 316|0x0000000093c00000, 0x0000000093c00000, 0x0000000093d00000|  0%| F|  |TAMS 0x0000000093c00000, 0x0000000093c00000| Untracked 
| 317|0x0000000093d00000, 0x0000000093d00000, 0x0000000093e00000|  0%| F|  |TAMS 0x0000000093d00000, 0x0000000093d00000| Untracked 
| 318|0x0000000093e00000, 0x0000000093e00000, 0x0000000093f00000|  0%| F|  |TAMS 0x0000000093e00000, 0x0000000093e00000| Untracked 
| 319|0x0000000093f00000, 0x0000000093f00000, 0x0000000094000000|  0%| F|  |TAMS 0x0000000093f00000, 0x0000000093f00000| Untracked 
| 320|0x0000000094000000, 0x0000000094000000, 0x0000000094100000|  0%| F|  |TAMS 0x0000000094000000, 0x0000000094000000| Untracked 
| 321|0x0000000094100000, 0x0000000094100000, 0x0000000094200000|  0%| F|  |TAMS 0x0000000094100000, 0x0000000094100000| Untracked 
| 322|0x0000000094200000, 0x0000000094200000, 0x0000000094300000|  0%| F|  |TAMS 0x0000000094200000, 0x0000000094200000| Untracked 
| 323|0x0000000094300000, 0x0000000094300000, 0x0000000094400000|  0%| F|  |TAMS 0x0000000094300000, 0x0000000094300000| Untracked 
| 324|0x0000000094400000, 0x0000000094400000, 0x0000000094500000|  0%| F|  |TAMS 0x0000000094400000, 0x0000000094400000| Untracked 
| 325|0x0000000094500000, 0x0000000094500000, 0x0000000094600000|  0%| F|  |TAMS 0x0000000094500000, 0x0000000094500000| Untracked 
| 326|0x0000000094600000, 0x0000000094600000, 0x0000000094700000|  0%| F|  |TAMS 0x0000000094600000, 0x0000000094600000| Untracked 
| 327|0x0000000094700000, 0x0000000094700000, 0x0000000094800000|  0%| F|  |TAMS 0x0000000094700000, 0x0000000094700000| Untracked 
| 328|0x0000000094800000, 0x0000000094800000, 0x0000000094900000|  0%| F|  |TAMS 0x0000000094800000, 0x0000000094800000| Untracked 
| 329|0x0000000094900000, 0x0000000094900000, 0x0000000094a00000|  0%| F|  |TAMS 0x0000000094900000, 0x0000000094900000| Untracked 
| 330|0x0000000094a00000, 0x0000000094a00000, 0x0000000094b00000|  0%| F|  |TAMS 0x0000000094a00000, 0x0000000094a00000| Untracked 
| 331|0x0000000094b00000, 0x0000000094b00000, 0x0000000094c00000|  0%| F|  |TAMS 0x0000000094b00000, 0x0000000094b00000| Untracked 
| 332|0x0000000094c00000, 0x0000000094c00000, 0x0000000094d00000|  0%| F|  |TAMS 0x0000000094c00000, 0x0000000094c00000| Untracked 
| 333|0x0000000094d00000, 0x0000000094d00000, 0x0000000094e00000|  0%| F|  |TAMS 0x0000000094d00000, 0x0000000094d00000| Untracked 
| 334|0x0000000094e00000, 0x0000000094e00000, 0x0000000094f00000|  0%| F|  |TAMS 0x0000000094e00000, 0x0000000094e00000| Untracked 
| 335|0x0000000094f00000, 0x0000000094f00000, 0x0000000095000000|  0%| F|  |TAMS 0x0000000094f00000, 0x0000000094f00000| Untracked 
| 336|0x0000000095000000, 0x0000000095000000, 0x0000000095100000|  0%| F|  |TAMS 0x0000000095000000, 0x0000000095000000| Untracked 
| 337|0x0000000095100000, 0x0000000095100000, 0x0000000095200000|  0%| F|  |TAMS 0x0000000095100000, 0x0000000095100000| Untracked 
| 338|0x0000000095200000, 0x0000000095200000, 0x0000000095300000|  0%| F|  |TAMS 0x0000000095200000, 0x0000000095200000| Untracked 
| 339|0x0000000095300000, 0x0000000095300000, 0x0000000095400000|  0%| F|  |TAMS 0x0000000095300000, 0x0000000095300000| Untracked 
| 340|0x0000000095400000, 0x0000000095400000, 0x0000000095500000|  0%| F|  |TAMS 0x0000000095400000, 0x0000000095400000| Untracked 
| 341|0x0000000095500000, 0x0000000095500000, 0x0000000095600000|  0%| F|  |TAMS 0x0000000095500000, 0x0000000095500000| Untracked 
| 342|0x0000000095600000, 0x0000000095600000, 0x0000000095700000|  0%| F|  |TAMS 0x0000000095600000, 0x0000000095600000| Untracked 
| 343|0x0000000095700000, 0x0000000095700000, 0x0000000095800000|  0%| F|  |TAMS 0x0000000095700000, 0x0000000095700000| Untracked 
| 344|0x0000000095800000, 0x0000000095800000, 0x0000000095900000|  0%| F|  |TAMS 0x0000000095800000, 0x0000000095800000| Untracked 
| 345|0x0000000095900000, 0x0000000095900000, 0x0000000095a00000|  0%| F|  |TAMS 0x0000000095900000, 0x0000000095900000| Untracked 
| 346|0x0000000095a00000, 0x0000000095a00000, 0x0000000095b00000|  0%| F|  |TAMS 0x0000000095a00000, 0x0000000095a00000| Untracked 
| 347|0x0000000095b00000, 0x0000000095b00000, 0x0000000095c00000|  0%| F|  |TAMS 0x0000000095b00000, 0x0000000095b00000| Untracked 
| 348|0x0000000095c00000, 0x0000000095c00000, 0x0000000095d00000|  0%| F|  |TAMS 0x0000000095c00000, 0x0000000095c00000| Untracked 
| 349|0x0000000095d00000, 0x0000000095d00000, 0x0000000095e00000|  0%| F|  |TAMS 0x0000000095d00000, 0x0000000095d00000| Untracked 
| 350|0x0000000095e00000, 0x0000000095e00000, 0x0000000095f00000|  0%| F|  |TAMS 0x0000000095e00000, 0x0000000095e00000| Untracked 
| 351|0x0000000095f00000, 0x0000000095f00000, 0x0000000096000000|  0%| F|  |TAMS 0x0000000095f00000, 0x0000000095f00000| Untracked 
| 352|0x0000000096000000, 0x0000000096000000, 0x0000000096100000|  0%| F|  |TAMS 0x0000000096000000, 0x0000000096000000| Untracked 
| 353|0x0000000096100000, 0x0000000096100000, 0x0000000096200000|  0%| F|  |TAMS 0x0000000096100000, 0x0000000096100000| Untracked 
| 354|0x0000000096200000, 0x0000000096200000, 0x0000000096300000|  0%| F|  |TAMS 0x0000000096200000, 0x0000000096200000| Untracked 
| 355|0x0000000096300000, 0x0000000096300000, 0x0000000096400000|  0%| F|  |TAMS 0x0000000096300000, 0x0000000096300000| Untracked 
| 356|0x0000000096400000, 0x0000000096400000, 0x0000000096500000|  0%| F|  |TAMS 0x0000000096400000, 0x0000000096400000| Untracked 
| 357|0x0000000096500000, 0x0000000096500000, 0x0000000096600000|  0%| F|  |TAMS 0x0000000096500000, 0x0000000096500000| Untracked 
| 358|0x0000000096600000, 0x0000000096600000, 0x0000000096700000|  0%| F|  |TAMS 0x0000000096600000, 0x0000000096600000| Untracked 
| 359|0x0000000096700000, 0x0000000096700000, 0x0000000096800000|  0%| F|  |TAMS 0x0000000096700000, 0x0000000096700000| Untracked 
| 360|0x0000000096800000, 0x0000000096800000, 0x0000000096900000|  0%| F|  |TAMS 0x0000000096800000, 0x0000000096800000| Untracked 
| 361|0x0000000096900000, 0x0000000096900000, 0x0000000096a00000|  0%| F|  |TAMS 0x0000000096900000, 0x0000000096900000| Untracked 
| 362|0x0000000096a00000, 0x0000000096a00000, 0x0000000096b00000|  0%| F|  |TAMS 0x0000000096a00000, 0x0000000096a00000| Untracked 
| 363|0x0000000096b00000, 0x0000000096b00000, 0x0000000096c00000|  0%| F|  |TAMS 0x0000000096b00000, 0x0000000096b00000| Untracked 
| 364|0x0000000096c00000, 0x0000000096c00000, 0x0000000096d00000|  0%| F|  |TAMS 0x0000000096c00000, 0x0000000096c00000| Untracked 
| 365|0x0000000096d00000, 0x0000000096d00000, 0x0000000096e00000|  0%| F|  |TAMS 0x0000000096d00000, 0x0000000096d00000| Untracked 
| 366|0x0000000096e00000, 0x0000000096e00000, 0x0000000096f00000|  0%| F|  |TAMS 0x0000000096e00000, 0x0000000096e00000| Untracked 
| 367|0x0000000096f00000, 0x0000000096f00000, 0x0000000097000000|  0%| F|  |TAMS 0x0000000096f00000, 0x0000000096f00000| Untracked 
| 368|0x0000000097000000, 0x0000000097000000, 0x0000000097100000|  0%| F|  |TAMS 0x0000000097000000, 0x0000000097000000| Untracked 
| 369|0x0000000097100000, 0x0000000097100000, 0x0000000097200000|  0%| F|  |TAMS 0x0000000097100000, 0x0000000097100000| Untracked 
| 370|0x0000000097200000, 0x0000000097200000, 0x0000000097300000|  0%| F|  |TAMS 0x0000000097200000, 0x0000000097200000| Untracked 
| 371|0x0000000097300000, 0x0000000097300000, 0x0000000097400000|  0%| F|  |TAMS 0x0000000097300000, 0x0000000097300000| Untracked 
| 372|0x0000000097400000, 0x0000000097400000, 0x0000000097500000|  0%| F|  |TAMS 0x0000000097400000, 0x0000000097400000| Untracked 
| 373|0x0000000097500000, 0x0000000097500000, 0x0000000097600000|  0%| F|  |TAMS 0x0000000097500000, 0x0000000097500000| Untracked 
| 374|0x0000000097600000, 0x0000000097600000, 0x0000000097700000|  0%| F|  |TAMS 0x0000000097600000, 0x0000000097600000| Untracked 
| 375|0x0000000097700000, 0x0000000097700000, 0x0000000097800000|  0%| F|  |TAMS 0x0000000097700000, 0x0000000097700000| Untracked 
| 376|0x0000000097800000, 0x0000000097800000, 0x0000000097900000|  0%| F|  |TAMS 0x0000000097800000, 0x0000000097800000| Untracked 
| 377|0x0000000097900000, 0x0000000097900000, 0x0000000097a00000|  0%| F|  |TAMS 0x0000000097900000, 0x0000000097900000| Untracked 
| 378|0x0000000097a00000, 0x0000000097a00000, 0x0000000097b00000|  0%| F|  |TAMS 0x0000000097a00000, 0x0000000097a00000| Untracked 
| 379|0x0000000097b00000, 0x0000000097b00000, 0x0000000097c00000|  0%| F|  |TAMS 0x0000000097b00000, 0x0000000097b00000| Untracked 
| 380|0x0000000097c00000, 0x0000000097c00000, 0x0000000097d00000|  0%| F|  |TAMS 0x0000000097c00000, 0x0000000097c00000| Untracked 
| 381|0x0000000097d00000, 0x0000000097d00000, 0x0000000097e00000|  0%| F|  |TAMS 0x0000000097d00000, 0x0000000097d00000| Untracked 
| 382|0x0000000097e00000, 0x0000000097e00000, 0x0000000097f00000|  0%| F|  |TAMS 0x0000000097e00000, 0x0000000097e00000| Untracked 
| 383|0x0000000097f00000, 0x0000000097f00000, 0x0000000098000000|  0%| F|  |TAMS 0x0000000097f00000, 0x0000000097f00000| Untracked 
| 384|0x0000000098000000, 0x0000000098000000, 0x0000000098100000|  0%| F|  |TAMS 0x0000000098000000, 0x0000000098000000| Untracked 
| 385|0x0000000098100000, 0x0000000098100000, 0x0000000098200000|  0%| F|  |TAMS 0x0000000098100000, 0x0000000098100000| Untracked 
| 386|0x0000000098200000, 0x0000000098200000, 0x0000000098300000|  0%| F|  |TAMS 0x0000000098200000, 0x0000000098200000| Untracked 
| 387|0x0000000098300000, 0x0000000098300000, 0x0000000098400000|  0%| F|  |TAMS 0x0000000098300000, 0x0000000098300000| Untracked 
| 388|0x0000000098400000, 0x0000000098400000, 0x0000000098500000|  0%| F|  |TAMS 0x0000000098400000, 0x0000000098400000| Untracked 
| 389|0x0000000098500000, 0x0000000098500000, 0x0000000098600000|  0%| F|  |TAMS 0x0000000098500000, 0x0000000098500000| Untracked 
| 390|0x0000000098600000, 0x0000000098600000, 0x0000000098700000|  0%| F|  |TAMS 0x0000000098600000, 0x0000000098600000| Untracked 
| 391|0x0000000098700000, 0x0000000098700000, 0x0000000098800000|  0%| F|  |TAMS 0x0000000098700000, 0x0000000098700000| Untracked 
| 392|0x0000000098800000, 0x0000000098800000, 0x0000000098900000|  0%| F|  |TAMS 0x0000000098800000, 0x0000000098800000| Untracked 
| 393|0x0000000098900000, 0x0000000098900000, 0x0000000098a00000|  0%| F|  |TAMS 0x0000000098900000, 0x0000000098900000| Untracked 
| 394|0x0000000098a00000, 0x0000000098a00000, 0x0000000098b00000|  0%| F|  |TAMS 0x0000000098a00000, 0x0000000098a00000| Untracked 
| 395|0x0000000098b00000, 0x0000000098b00000, 0x0000000098c00000|  0%| F|  |TAMS 0x0000000098b00000, 0x0000000098b00000| Untracked 
| 396|0x0000000098c00000, 0x0000000098c00000, 0x0000000098d00000|  0%| F|  |TAMS 0x0000000098c00000, 0x0000000098c00000| Untracked 
| 397|0x0000000098d00000, 0x0000000098d00000, 0x0000000098e00000|  0%| F|  |TAMS 0x0000000098d00000, 0x0000000098d00000| Untracked 
| 398|0x0000000098e00000, 0x0000000098e00000, 0x0000000098f00000|  0%| F|  |TAMS 0x0000000098e00000, 0x0000000098e00000| Untracked 
| 399|0x0000000098f00000, 0x0000000098f00000, 0x0000000099000000|  0%| F|  |TAMS 0x0000000098f00000, 0x0000000098f00000| Untracked 
| 400|0x0000000099000000, 0x0000000099000000, 0x0000000099100000|  0%| F|  |TAMS 0x0000000099000000, 0x0000000099000000| Untracked 
| 401|0x0000000099100000, 0x0000000099100000, 0x0000000099200000|  0%| F|  |TAMS 0x0000000099100000, 0x0000000099100000| Untracked 
| 402|0x0000000099200000, 0x0000000099200000, 0x0000000099300000|  0%| F|  |TAMS 0x0000000099200000, 0x0000000099200000| Untracked 
| 403|0x0000000099300000, 0x0000000099300000, 0x0000000099400000|  0%| F|  |TAMS 0x0000000099300000, 0x0000000099300000| Untracked 
| 404|0x0000000099400000, 0x0000000099400000, 0x0000000099500000|  0%| F|  |TAMS 0x0000000099400000, 0x0000000099400000| Untracked 
| 405|0x0000000099500000, 0x0000000099500000, 0x0000000099600000|  0%| F|  |TAMS 0x0000000099500000, 0x0000000099500000| Untracked 
| 406|0x0000000099600000, 0x0000000099600000, 0x0000000099700000|  0%| F|  |TAMS 0x0000000099600000, 0x0000000099600000| Untracked 
| 407|0x0000000099700000, 0x0000000099700000, 0x0000000099800000|  0%| F|  |TAMS 0x0000000099700000, 0x0000000099700000| Untracked 
| 408|0x0000000099800000, 0x0000000099800000, 0x0000000099900000|  0%| F|  |TAMS 0x0000000099800000, 0x0000000099800000| Untracked 
| 409|0x0000000099900000, 0x0000000099900000, 0x0000000099a00000|  0%| F|  |TAMS 0x0000000099900000, 0x0000000099900000| Untracked 
| 410|0x0000000099a00000, 0x0000000099a00000, 0x0000000099b00000|  0%| F|  |TAMS 0x0000000099a00000, 0x0000000099a00000| Untracked 
| 411|0x0000000099b00000, 0x0000000099b00000, 0x0000000099c00000|  0%| F|  |TAMS 0x0000000099b00000, 0x0000000099b00000| Untracked 
| 412|0x0000000099c00000, 0x0000000099c00000, 0x0000000099d00000|  0%| F|  |TAMS 0x0000000099c00000, 0x0000000099c00000| Untracked 
| 413|0x0000000099d00000, 0x0000000099d00000, 0x0000000099e00000|  0%| F|  |TAMS 0x0000000099d00000, 0x0000000099d00000| Untracked 
| 414|0x0000000099e00000, 0x0000000099e00000, 0x0000000099f00000|  0%| F|  |TAMS 0x0000000099e00000, 0x0000000099e00000| Untracked 
| 415|0x0000000099f00000, 0x0000000099f00000, 0x000000009a000000|  0%| F|  |TAMS 0x0000000099f00000, 0x0000000099f00000| Untracked 
| 416|0x000000009a000000, 0x000000009a000000, 0x000000009a100000|  0%| F|  |TAMS 0x000000009a000000, 0x000000009a000000| Untracked 
| 417|0x000000009a100000, 0x000000009a100000, 0x000000009a200000|  0%| F|  |TAMS 0x000000009a100000, 0x000000009a100000| Untracked 
| 418|0x000000009a200000, 0x000000009a200000, 0x000000009a300000|  0%| F|  |TAMS 0x000000009a200000, 0x000000009a200000| Untracked 
| 419|0x000000009a300000, 0x000000009a300000, 0x000000009a400000|  0%| F|  |TAMS 0x000000009a300000, 0x000000009a300000| Untracked 
| 420|0x000000009a400000, 0x000000009a400000, 0x000000009a500000|  0%| F|  |TAMS 0x000000009a400000, 0x000000009a400000| Untracked 
| 421|0x000000009a500000, 0x000000009a500000, 0x000000009a600000|  0%| F|  |TAMS 0x000000009a500000, 0x000000009a500000| Untracked 
| 422|0x000000009a600000, 0x000000009a606ba8, 0x000000009a700000|  2%| E|  |TAMS 0x000000009a600000, 0x000000009a600000| Complete 
| 423|0x000000009a700000, 0x000000009a800000, 0x000000009a800000|100%| E|CS|TAMS 0x000000009a700000, 0x000000009a700000| Complete 
| 424|0x000000009a800000, 0x000000009a900000, 0x000000009a900000|100%| E|CS|TAMS 0x000000009a800000, 0x000000009a800000| Complete 
| 425|0x000000009a900000, 0x000000009a9f1350, 0x000000009aa00000| 94%| S|CS|TAMS 0x000000009a900000, 0x000000009a900000| Complete 
| 426|0x000000009aa00000, 0x000000009ab00000, 0x000000009ab00000|100%| E|CS|TAMS 0x000000009aa00000, 0x000000009aa00000| Complete 
| 427|0x000000009ab00000, 0x000000009ac00000, 0x000000009ac00000|100%| E|CS|TAMS 0x000000009ab00000, 0x000000009ab00000| Complete 
| 428|0x000000009ac00000, 0x000000009acffff8, 0x000000009ad00000| 99%| E|  |TAMS 0x000000009ac00000, 0x000000009ac00000| Complete 
| 429|0x000000009ad00000, 0x000000009ae00000, 0x000000009ae00000|100%| E|CS|TAMS 0x000000009ad00000, 0x000000009ad00000| Complete 
| 430|0x000000009ae00000, 0x000000009af00000, 0x000000009af00000|100%| E|CS|TAMS 0x000000009ae00000, 0x000000009ae00000| Complete 
| 431|0x000000009af00000, 0x000000009b000000, 0x000000009b000000|100%| E|CS|TAMS 0x000000009af00000, 0x000000009af00000| Complete 
| 432|0x000000009b000000, 0x000000009b100000, 0x000000009b100000|100%| E|CS|TAMS 0x000000009b000000, 0x000000009b000000| Complete 
| 433|0x000000009b100000, 0x000000009b200000, 0x000000009b200000|100%| E|CS|TAMS 0x000000009b100000, 0x000000009b100000| Complete 
| 434|0x000000009b200000, 0x000000009b300000, 0x000000009b300000|100%| E|CS|TAMS 0x000000009b200000, 0x000000009b200000| Complete 
| 435|0x000000009b300000, 0x000000009b400000, 0x000000009b400000|100%| E|CS|TAMS 0x000000009b300000, 0x000000009b300000| Complete 
| 436|0x000000009b400000, 0x000000009b500000, 0x000000009b500000|100%| E|CS|TAMS 0x000000009b400000, 0x000000009b400000| Complete 
| 437|0x000000009b500000, 0x000000009b600000, 0x000000009b600000|100%| E|CS|TAMS 0x000000009b500000, 0x000000009b500000| Complete 
| 438|0x000000009b600000, 0x000000009b700000, 0x000000009b700000|100%| E|CS|TAMS 0x000000009b600000, 0x000000009b600000| Complete 
|2045|0x00000000ffd00000, 0x00000000ffe00000, 0x00000000ffe00000|100%| E|CS|TAMS 0x00000000ffd00000, 0x00000000ffd00000| Complete 
|2046|0x00000000ffe00000, 0x00000000fff00000, 0x00000000fff00000|100%| E|CS|TAMS 0x00000000ffe00000, 0x00000000ffe00000| Complete 
|2047|0x00000000fff00000, 0x0000000100000000, 0x0000000100000000|100%| E|CS|TAMS 0x00000000fff00000, 0x00000000fff00000| Complete 

Card table byte_map: [0x00000227aee50000,0x00000227af250000] _byte_map_base: 0x00000227aea50000

Marking Bits (Prev, Next): (CMBitMap*) 0x0000022797eb9fe0, (CMBitMap*) 0x0000022797eb9fa0
 Prev Bits: [0x00000227b1650000, 0x00000227b3650000)
 Next Bits: [0x00000227af650000, 0x00000227b1650000)

Polling page: 0x0000022795e40000

Metaspace:

Usage:
  Non-class:    137.39 MB used.
      Class:     21.65 MB used.
       Both:    159.04 MB used.

Virtual space:
  Non-class space:      192.00 MB reserved,     138.44 MB ( 72%) committed,  3 nodes.
      Class space:      416.00 MB reserved,      22.69 MB (  5%) committed,  1 nodes.
             Both:      608.00 MB reserved,     161.12 MB ( 27%) committed. 

Chunk freelists:
   Non-Class:  5.45 MB
       Class:  9.22 MB
        Both:  14.67 MB

MaxMetaspaceSize: 512.00 MB
CompressedClassSpaceSize: 416.00 MB
Initial GC threshold: 21.00 MB
Current GC threshold: 267.00 MB
CDS: on
MetaspaceReclaimPolicy: balanced
 - commit_granule_bytes: 65536.
 - commit_granule_words: 8192.
 - virtual_space_node_default_size: 8388608.
 - enlarge_chunks_in_place: 1.
 - new_chunks_are_fully_committed: 0.
 - uncommit_free_chunks: 1.
 - use_allocation_guard: 0.
 - handle_deallocations: 1.


Internal statistics:

num_allocs_failed_limit: 12.
num_arena_births: 3642.
num_arena_deaths: 28.
num_vsnodes_births: 4.
num_vsnodes_deaths: 0.
num_space_committed: 2578.
num_space_uncommitted: 2.
num_chunks_returned_to_freelist: 71.
num_chunks_taken_from_freelist: 11535.
num_chunk_merges: 20.
num_chunk_splits: 7187.
num_chunks_enlarged: 4189.
num_inconsistent_stats: 0.

CodeHeap 'non-profiled nmethods': size=120000Kb used=17811Kb max_used=17811Kb free=102188Kb
 bounds [0x00000227a71f0000, 0x00000227a8360000, 0x00000227ae720000]
CodeHeap 'profiled nmethods': size=120000Kb used=46556Kb max_used=46796Kb free=73443Kb
 bounds [0x000002279f720000, 0x00000227a24f0000, 0x00000227a6c50000]
CodeHeap 'non-nmethods': size=5760Kb used=1885Kb max_used=2038Kb free=3874Kb
 bounds [0x00000227a6c50000, 0x00000227a6ec0000, 0x00000227a71f0000]
 total_blobs=23849 nmethods=22842 adapters=916
 compilation: enabled
              stopped_count=0, restarted_count=0
 full_count=0

Compilation events (20 events):
Event: 393.704 Thread 0x00000227b60b2ae0 nmethod 28309 0x00000227a8353310 code [0x00000227a83534a0, 0x00000227a83537b8]
Event: 413.738 Thread 0x00000227b60b69a0 28310       1       org.gradle.launcher.daemon.registry.DaemonInfo::getState (5 bytes)
Event: 413.738 Thread 0x00000227b60b69a0 nmethod 28310 0x00000227a8353a90 code [0x00000227a8353c20, 0x00000227a8353cf8]
Event: 413.854 Thread 0x00000227b60b69a0 28311       3       java.net.InetSocketAddress::getPort (8 bytes)
Event: 413.854 Thread 0x00000227b60b69a0 nmethod 28311 0x000002279f9ecc10 code [0x000002279f9ecda0, 0x000002279f9eced8]
Event: 413.902 Thread 0x00000227b60b2ae0 28312       4       java.lang.System::lineSeparator (4 bytes)
Event: 413.903 Thread 0x00000227b60b2ae0 nmethod 28312 0x00000227a8353d90 code [0x00000227a8353f00, 0x00000227a8353f78]
Event: 413.903 Thread 0x00000227b60b69a0 28313   !   3       java.io.PrintWriter::write (58 bytes)
Event: 413.904 Thread 0x00000227b60b69a0 nmethod 28313 0x00000227a012bc10 code [0x00000227a012be20, 0x00000227a012c408]
Event: 413.904 Thread 0x00000227b60b69a0 28314   !   3       java.io.PrintWriter::newLine (65 bytes)
Event: 413.905 Thread 0x00000227b60b69a0 nmethod 28314 0x00000227a0673810 code [0x00000227a0673a40, 0x00000227a0674178]
Event: 413.911 Thread 0x00000227b60b2ae0 28315 %     4       com.esotericsoftware.kryo.io.Output::writeString_slow @ 0 (238 bytes)
Event: 413.913 Thread 0x00000227b60b69a0 28317       3       org.jetbrains.kotlin.compilerRunner.ReportUtilsKt$writeArgumentsToFile$1::invoke (9 bytes)
Event: 413.913 Thread 0x00000227b60b69a0 nmethod 28317 0x00000227a0547290 code [0x00000227a0547440, 0x00000227a0547668]
Event: 413.913 Thread 0x00000227b60b69a0 28318       3       org.jetbrains.kotlin.compilerRunner.ReportUtilsKt$writeArgumentsToFile$1::invoke (41 bytes)
Event: 413.914 Thread 0x00000227b60b69a0 nmethod 28318 0x00000227a0496910 code [0x00000227a0496be0, 0x00000227a0497868]
Event: 413.914 Thread 0x00000227b60b69a0 28319       3       org.jetbrains.kotlin.compilerRunner.ReportUtilsKt::escapeJavaStyleString$default (23 bytes)
Event: 413.915 Thread 0x00000227b60b69a0 nmethod 28319 0x00000227a1133410 code [0x00000227a11335c0, 0x00000227a1133768]
Event: 413.930 Thread 0x00000227b60b2ae0 nmethod 28315% 0x00000227a8354090 code [0x00000227a8354240, 0x00000227a8354a08]
Event: 413.930 Thread 0x00000227b60b2ae0 28316 %     4       org.jetbrains.kotlin.compilerRunner.ReportUtilsKt::escapeJavaStyleString @ 33 (527 bytes)

GC Heap History (20 events):
Event: 364.998 GC heap before
{Heap before GC invocations=65 (full 0):
 garbage-first heap   total 365568K, used 304641K [0x0000000080000000, 0x0000000100000000)
  region size 1024K, 93 young (95232K), 13 survivors (13312K)
 Metaspace       used 156035K, committed 158080K, reserved 622592K
  class space    used 21532K, committed 22528K, reserved 425984K
}
Event: 365.029 GC heap after
{Heap after GC invocations=66 (full 0):
 garbage-first heap   total 365568K, used 235966K [0x0000000080000000, 0x0000000100000000)
  region size 1024K, 12 young (12288K), 12 survivors (12288K)
 Metaspace       used 156035K, committed 158080K, reserved 622592K
  class space    used 21532K, committed 22528K, reserved 425984K
}
Event: 367.119 GC heap before
{Heap before GC invocations=67 (full 0):
 garbage-first heap   total 416768K, used 301502K [0x0000000080000000, 0x0000000100000000)
  region size 1024K, 79 young (80896K), 12 survivors (12288K)
 Metaspace       used 157622K, committed 159744K, reserved 622592K
  class space    used 21738K, committed 22784K, reserved 425984K
}
Event: 367.138 GC heap after
{Heap after GC invocations=68 (full 0):
 garbage-first heap   total 416768K, used 240441K [0x0000000080000000, 0x0000000100000000)
  region size 1024K, 6 young (6144K), 6 survivors (6144K)
 Metaspace       used 157622K, committed 159744K, reserved 622592K
  class space    used 21738K, committed 22784K, reserved 425984K
}
Event: 367.411 GC heap before
{Heap before GC invocations=68 (full 0):
 garbage-first heap   total 416768K, used 254777K [0x0000000080000000, 0x0000000100000000)
  region size 1024K, 20 young (20480K), 6 survivors (6144K)
 Metaspace       used 157690K, committed 159808K, reserved 622592K
  class space    used 21746K, committed 22784K, reserved 425984K
}
Event: 367.451 GC heap after
{Heap after GC invocations=69 (full 0):
 garbage-first heap   total 416768K, used 213758K [0x0000000080000000, 0x0000000100000000)
  region size 1024K, 2 young (2048K), 2 survivors (2048K)
 Metaspace       used 157690K, committed 159808K, reserved 622592K
  class space    used 21746K, committed 22784K, reserved 425984K
}
Event: 367.652 GC heap before
{Heap before GC invocations=69 (full 0):
 garbage-first heap   total 416768K, used 232190K [0x0000000080000000, 0x0000000100000000)
  region size 1024K, 20 young (20480K), 2 survivors (2048K)
 Metaspace       used 157739K, committed 159936K, reserved 622592K
  class space    used 21757K, committed 22848K, reserved 425984K
}
Event: 367.662 GC heap after
{Heap after GC invocations=70 (full 0):
 garbage-first heap   total 416768K, used 214338K [0x0000000080000000, 0x0000000100000000)
  region size 1024K, 2 young (2048K), 2 survivors (2048K)
 Metaspace       used 157739K, committed 159936K, reserved 622592K
  class space    used 21757K, committed 22848K, reserved 425984K
}
Event: 370.431 GC heap before
{Heap before GC invocations=70 (full 0):
 garbage-first heap   total 416768K, used 250178K [0x0000000080000000, 0x0000000100000000)
  region size 1024K, 39 young (39936K), 2 survivors (2048K)
 Metaspace       used 158109K, committed 160320K, reserved 622592K
  class space    used 21764K, committed 22848K, reserved 425984K
}
Event: 370.443 GC heap after
{Heap after GC invocations=71 (full 0):
 garbage-first heap   total 416768K, used 223675K [0x0000000080000000, 0x0000000100000000)
  region size 1024K, 11 young (11264K), 11 survivors (11264K)
 Metaspace       used 158109K, committed 160320K, reserved 622592K
  class space    used 21764K, committed 22848K, reserved 425984K
}
Event: 374.731 GC heap before
{Heap before GC invocations=72 (full 0):
 garbage-first heap   total 416768K, used 380347K [0x0000000080000000, 0x0000000100000000)
  region size 1024K, 120 young (122880K), 11 survivors (11264K)
 Metaspace       used 158723K, committed 160832K, reserved 622592K
  class space    used 21794K, committed 22848K, reserved 425984K
}
Event: 374.766 GC heap after
{Heap after GC invocations=73 (full 0):
 garbage-first heap   total 419840K, used 252816K [0x0000000080000000, 0x0000000100000000)
  region size 1024K, 15 young (15360K), 15 survivors (15360K)
 Metaspace       used 158723K, committed 160832K, reserved 622592K
  class space    used 21794K, committed 22848K, reserved 425984K
}
Event: 374.793 GC heap before
{Heap before GC invocations=73 (full 0):
 garbage-first heap   total 419840K, used 257936K [0x0000000080000000, 0x0000000100000000)
  region size 1024K, 20 young (20480K), 15 survivors (15360K)
 Metaspace       used 158728K, committed 160896K, reserved 622592K
  class space    used 21794K, committed 22848K, reserved 425984K
}
Event: 374.818 GC heap after
{Heap after GC invocations=74 (full 0):
 garbage-first heap   total 419840K, used 251282K [0x0000000080000000, 0x0000000100000000)
  region size 1024K, 2 young (2048K), 2 survivors (2048K)
 Metaspace       used 158728K, committed 160896K, reserved 622592K
  class space    used 21794K, committed 22848K, reserved 425984K
}
Event: 375.889 GC heap before
{Heap before GC invocations=74 (full 0):
 garbage-first heap   total 419840K, used 340370K [0x0000000080000000, 0x0000000100000000)
  region size 1024K, 90 young (92160K), 2 survivors (2048K)
 Metaspace       used 161845K, committed 164032K, reserved 622592K
  class space    used 22088K, committed 23168K, reserved 425984K
}
Event: 375.901 GC heap after
{Heap after GC invocations=75 (full 0):
 garbage-first heap   total 419840K, used 257719K [0x0000000080000000, 0x0000000100000000)
  region size 1024K, 9 young (9216K), 9 survivors (9216K)
 Metaspace       used 161845K, committed 164032K, reserved 622592K
  class space    used 22088K, committed 23168K, reserved 425984K
}
Event: 377.768 GC heap before
{Heap before GC invocations=76 (full 0):
 garbage-first heap   total 452608K, used 337591K [0x0000000080000000, 0x0000000100000000)
  region size 1024K, 95 young (97280K), 9 survivors (9216K)
 Metaspace       used 162679K, committed 164864K, reserved 622592K
  class space    used 22159K, committed 23232K, reserved 425984K
}
Event: 377.786 GC heap after
{Heap after GC invocations=77 (full 0):
 garbage-first heap   total 452608K, used 254300K [0x0000000080000000, 0x0000000100000000)
  region size 1024K, 7 young (7168K), 7 survivors (7168K)
 Metaspace       used 162679K, committed 164864K, reserved 622592K
  class space    used 22159K, committed 23232K, reserved 425984K
}
Event: 378.747 GC heap before
{Heap before GC invocations=77 (full 0):
 garbage-first heap   total 452608K, used 269660K [0x0000000080000000, 0x0000000100000000)
  region size 1024K, 22 young (22528K), 7 survivors (7168K)
 Metaspace       used 162840K, committed 164992K, reserved 622592K
  class space    used 22171K, committed 23232K, reserved 425984K
}
Event: 378.760 GC heap after
{Heap after GC invocations=78 (full 0):
 garbage-first heap   total 452608K, used 237149K [0x0000000080000000, 0x0000000100000000)
  region size 1024K, 1 young (1024K), 1 survivors (1024K)
 Metaspace       used 162840K, committed 164992K, reserved 622592K
  class space    used 22171K, committed 23232K, reserved 425984K
}

Deoptimization events (20 events):
Event: 377.912 Thread 0x00000227d8e71550 Uncommon trap: trap_request=0xffffff45 fr.pc=0x00000227a82dd4b0 relative=0x0000000000000190
Event: 377.912 Thread 0x00000227d8e71550 Uncommon trap: reason=unstable_if action=reinterpret pc=0x00000227a82dd4b0 method=com.android.aapt.Resources$Visibility$Builder.buildPartial0(Lcom/android/aapt/Resources$Visibility;)V @ 22 c2
Event: 377.912 Thread 0x00000227d8e71550 DEOPT PACKING pc=0x00000227a82dd4b0 sp=0x000000485fefd830
Event: 377.912 Thread 0x00000227d8e71550 DEOPT UNPACKING pc=0x00000227a6ca23a3 sp=0x000000485fefd7e8 mode 2
Event: 377.961 Thread 0x00000227d8e71550 Uncommon trap: trap_request=0xffffff45 fr.pc=0x00000227a828655c relative=0x000000000000005c
Event: 377.961 Thread 0x00000227d8e71550 Uncommon trap: reason=unstable_if action=reinterpret pc=0x00000227a828655c method=com.google.protobuf.CodedOutputStream.computeUInt32SizeNoTag(I)I @ 24 c2
Event: 377.961 Thread 0x00000227d8e71550 DEOPT PACKING pc=0x00000227a828655c sp=0x000000485fefd210
Event: 377.961 Thread 0x00000227d8e71550 DEOPT UNPACKING pc=0x00000227a6ca23a3 sp=0x000000485fefd1b0 mode 2
Event: 378.912 Thread 0x00000227d8e71550 Uncommon trap: trap_request=0xffffff45 fr.pc=0x00000227a82d9240 relative=0x0000000000001320
Event: 378.912 Thread 0x00000227d8e71550 Uncommon trap: reason=unstable_if action=reinterpret pc=0x00000227a82d9240 method=com.android.aaptcompiler.proto.ProtoSerializeKt.serializeConfigToPb(Lcom/android/aaptcompiler/ConfigDescription;Ljava/lang/String;Lcom/android/utils/ILogger;)Lcom/android/aa
Event: 378.912 Thread 0x00000227d8e71550 DEOPT PACKING pc=0x00000227a82d9240 sp=0x000000485fefd820
Event: 378.912 Thread 0x00000227d8e71550 DEOPT UNPACKING pc=0x00000227a6ca23a3 sp=0x000000485fefd7c8 mode 2
Event: 378.912 Thread 0x00000227d8e71550 Uncommon trap: trap_request=0xffffff45 fr.pc=0x00000227a82f0520 relative=0x0000000000000ea0
Event: 378.912 Thread 0x00000227d8e71550 Uncommon trap: reason=unstable_if action=reinterpret pc=0x00000227a82f0520 method=com.android.aapt.ConfigurationOuterClass$Configuration.getSerializedSize()I @ 199 c2
Event: 378.913 Thread 0x00000227d8e71550 DEOPT PACKING pc=0x00000227a82f0520 sp=0x000000485fefd800
Event: 378.913 Thread 0x00000227d8e71550 DEOPT UNPACKING pc=0x00000227a6ca23a3 sp=0x000000485fefd7b8 mode 2
Event: 379.466 Thread 0x00000227d8e71550 Uncommon trap: trap_request=0xffffff45 fr.pc=0x00000227a7fb5c00 relative=0x0000000000000880
Event: 379.466 Thread 0x00000227d8e71550 Uncommon trap: reason=unstable_if action=reinterpret pc=0x00000227a7fb5c00 method=com.android.aapt.ConfigurationOuterClass$Configuration.writeTo(Lcom/google/protobuf/CodedOutputStream;)V @ 167 c2
Event: 379.466 Thread 0x00000227d8e71550 DEOPT PACKING pc=0x00000227a7fb5c00 sp=0x000000485fefd730
Event: 379.466 Thread 0x00000227d8e71550 DEOPT UNPACKING pc=0x00000227a6ca23a3 sp=0x000000485fefd6f8 mode 2

Classes unloaded (20 events):
Event: 60.842 Thread 0x00000227b60923a0 Unloading class 0x00000227b9159000 'jdk/internal/jrtfs/ExplodedImage'
Event: 60.842 Thread 0x00000227b60923a0 Unloading class 0x00000227b9158dc8 'jdk/internal/jrtfs/SystemImage$1'
Event: 60.842 Thread 0x00000227b60923a0 Unloading class 0x00000227b9158bb0 'jdk/internal/jrtfs/SystemImage'
Event: 60.842 Thread 0x00000227b60923a0 Unloading class 0x00000227b9158950 'jdk/internal/jrtfs/JrtFileStore'
Event: 60.842 Thread 0x00000227b60923a0 Unloading class 0x00000227b91585d8 'jdk/internal/jrtfs/JrtPath'
Event: 60.842 Thread 0x00000227b60923a0 Unloading class 0x00000227b91582e0 'jdk/internal/jrtfs/JrtFileSystem'
Event: 60.842 Thread 0x00000227b60923a0 Unloading class 0x00000227b9158000 'jdk/internal/jrtfs/JrtFileSystemProvider'
Event: 365.399 Thread 0x00000227b60923a0 Unloading class 0x00000227b9288c00 'java/lang/invoke/LambdaForm$MH+0x00000227b9288c00'
Event: 365.399 Thread 0x00000227b60923a0 Unloading class 0x00000227b9059800 'java/lang/invoke/LambdaForm$MH+0x00000227b9059800'
Event: 365.399 Thread 0x00000227b60923a0 Unloading class 0x00000227b9038000 'java/lang/invoke/LambdaForm$MH+0x00000227b9038000'
Event: 365.400 Thread 0x00000227b60923a0 Unloading class 0x00000227b902e000 'java/lang/invoke/LambdaForm$MH+0x00000227b902e000'
Event: 365.400 Thread 0x00000227b60923a0 Unloading class 0x00000227b902c800 'java/lang/invoke/LambdaForm$MH+0x00000227b902c800'
Event: 365.400 Thread 0x00000227b60923a0 Unloading class 0x00000227b902c000 'java/lang/invoke/LambdaForm$MH+0x00000227b902c000'
Event: 365.400 Thread 0x00000227b60923a0 Unloading class 0x00000227b9025400 'java/lang/invoke/LambdaForm$MH+0x00000227b9025400'
Event: 365.400 Thread 0x00000227b60923a0 Unloading class 0x00000227b8f6c000 'java/lang/invoke/LambdaForm$MH+0x00000227b8f6c000'
Event: 365.400 Thread 0x00000227b60923a0 Unloading class 0x00000227b8f62400 'java/lang/invoke/LambdaForm$MH+0x00000227b8f62400'
Event: 365.400 Thread 0x00000227b60923a0 Unloading class 0x00000227b8f46c00 'java/lang/invoke/LambdaForm$MH+0x00000227b8f46c00'
Event: 365.400 Thread 0x00000227b60923a0 Unloading class 0x00000227b8f2c000 'java/lang/invoke/LambdaForm$MH+0x00000227b8f2c000'
Event: 365.400 Thread 0x00000227b60923a0 Unloading class 0x00000227b8eccc00 'java/lang/invoke/LambdaForm$MH+0x00000227b8eccc00'
Event: 365.400 Thread 0x00000227b60923a0 Unloading class 0x00000227b8e68800 'java/lang/invoke/LambdaForm$MH+0x00000227b8e68800'

Classes redefined (0 events):
No events

Internal exceptions (20 events):
Event: 389.876 Thread 0x00000227e2ac28f0 Exception <a 'java/net/SocketException'{0x000000009ab78470}: Socket is not connected: shutdown> (0x000000009ab78470) 
thrown [s\open\src\hotspot\share\prims\jni.cpp, line 535]
Event: 389.876 Thread 0x00000227e2ac28f0 Exception <a 'java/net/ConnectException'{0x000000009ab79240}: Connection refused: connect> (0x000000009ab79240) 
thrown [s\open\src\hotspot\share\prims\jni.cpp, line 535]
Event: 389.876 Thread 0x00000227e2ac28f0 Exception <a 'java/net/SocketException'{0x000000009ab79578}: Socket is not connected: shutdown> (0x000000009ab79578) 
thrown [s\open\src\hotspot\share\prims\jni.cpp, line 535]
Event: 389.939 Thread 0x00000227e2ac28f0 Exception <a 'java/net/ConnectException'{0x000000009ab79da8}: Connection refused: connect> (0x000000009ab79da8) 
thrown [s\open\src\hotspot\share\prims\jni.cpp, line 535]
Event: 389.940 Thread 0x00000227e2ac28f0 Exception <a 'java/net/SocketException'{0x000000009ab7a0e0}: Socket is not connected: shutdown> (0x000000009ab7a0e0) 
thrown [s\open\src\hotspot\share\prims\jni.cpp, line 535]
Event: 390.084 Thread 0x00000227e2ac28f0 Exception <a 'java/net/ConnectException'{0x000000009ab7aa48}: Connection refused: connect> (0x000000009ab7aa48) 
thrown [s\open\src\hotspot\share\prims\jni.cpp, line 535]
Event: 390.084 Thread 0x00000227e2ac28f0 Exception <a 'java/net/SocketException'{0x000000009ab7ad80}: Socket is not connected: shutdown> (0x000000009ab7ad80) 
thrown [s\open\src\hotspot\share\prims\jni.cpp, line 535]
Event: 413.853 Thread 0x00000227d83602c0 Exception <a 'sun/net/ConnectionResetException'{0x000000009aa493c0}: Connection reset> (0x000000009aa493c0) 
thrown [s\open\src\hotspot\share\prims\jni.cpp, line 535]
Event: 413.854 Thread 0x00000227d83602c0 Exception <a 'java/net/ConnectException'{0x000000009aa4b030}: Connection refused: connect> (0x000000009aa4b030) 
thrown [s\open\src\hotspot\share\prims\jni.cpp, line 535]
Event: 413.854 Thread 0x00000227d83602c0 Exception <a 'java/net/SocketException'{0x000000009aa4b610}: Socket is not connected: shutdown> (0x000000009aa4b610) 
thrown [s\open\src\hotspot\share\prims\jni.cpp, line 535]
Event: 413.865 Thread 0x00000227d83602c0 Exception <a 'java/net/ConnectException'{0x000000009aa4c0e8}: Connection refused: connect> (0x000000009aa4c0e8) 
thrown [s\open\src\hotspot\share\prims\jni.cpp, line 535]
Event: 413.866 Thread 0x00000227d83602c0 Exception <a 'java/net/SocketException'{0x000000009aa4c6c8}: Socket is not connected: shutdown> (0x000000009aa4c6c8) 
thrown [s\open\src\hotspot\share\prims\jni.cpp, line 535]
Event: 413.877 Thread 0x00000227d83602c0 Exception <a 'java/net/ConnectException'{0x000000009aa4d1a0}: Connection refused: connect> (0x000000009aa4d1a0) 
thrown [s\open\src\hotspot\share\prims\jni.cpp, line 535]
Event: 413.877 Thread 0x00000227d83602c0 Exception <a 'java/net/SocketException'{0x000000009aa4d780}: Socket is not connected: shutdown> (0x000000009aa4d780) 
thrown [s\open\src\hotspot\share\prims\jni.cpp, line 535]
Event: 413.878 Thread 0x00000227d83602c0 Exception <a 'java/net/ConnectException'{0x000000009aa4e918}: Connection refused: connect> (0x000000009aa4e918) 
thrown [s\open\src\hotspot\share\prims\jni.cpp, line 535]
Event: 413.878 Thread 0x00000227d83602c0 Exception <a 'java/net/SocketException'{0x000000009aa4eef8}: Socket is not connected: shutdown> (0x000000009aa4eef8) 
thrown [s\open\src\hotspot\share\prims\jni.cpp, line 535]
Event: 413.888 Thread 0x00000227d83602c0 Exception <a 'java/net/ConnectException'{0x000000009aa4f9d0}: Connection refused: connect> (0x000000009aa4f9d0) 
thrown [s\open\src\hotspot\share\prims\jni.cpp, line 535]
Event: 413.889 Thread 0x00000227d83602c0 Exception <a 'java/net/SocketException'{0x000000009aa4ffb0}: Socket is not connected: shutdown> (0x000000009aa4ffb0) 
thrown [s\open\src\hotspot\share\prims\jni.cpp, line 535]
Event: 413.899 Thread 0x00000227d83602c0 Exception <a 'java/net/ConnectException'{0x000000009aa50a88}: Connection refused: connect> (0x000000009aa50a88) 
thrown [s\open\src\hotspot\share\prims\jni.cpp, line 535]
Event: 413.900 Thread 0x00000227d83602c0 Exception <a 'java/net/SocketException'{0x000000009aa51068}: Socket is not connected: shutdown> (0x000000009aa51068) 
thrown [s\open\src\hotspot\share\prims\jni.cpp, line 535]

VM Operations (20 events):
Event: 377.767 Executing VM operation: G1CollectForAllocation
Event: 377.787 Executing VM operation: G1CollectForAllocation done
Event: 378.468 Executing VM operation: HandshakeAllThreads
Event: 378.468 Executing VM operation: HandshakeAllThreads done
Event: 378.746 Executing VM operation: G1CollectForAllocation
Event: 378.776 Executing VM operation: G1CollectForAllocation done
Event: 380.777 Executing VM operation: Cleanup
Event: 380.777 Executing VM operation: Cleanup done
Event: 383.778 Executing VM operation: Cleanup
Event: 383.778 Executing VM operation: Cleanup done
Event: 384.778 Executing VM operation: Cleanup
Event: 384.778 Executing VM operation: Cleanup done
Event: 385.778 Executing VM operation: Cleanup
Event: 385.778 Executing VM operation: Cleanup done
Event: 387.779 Executing VM operation: Cleanup
Event: 387.779 Executing VM operation: Cleanup done
Event: 391.779 Executing VM operation: Cleanup
Event: 391.779 Executing VM operation: Cleanup done
Event: 394.781 Executing VM operation: Cleanup
Event: 394.781 Executing VM operation: Cleanup done

Events (20 events):
Event: 378.538 Thread 0x00000227b60c16d0 flushing nmethod 0x00000227a231f090
Event: 378.538 Thread 0x00000227b60c16d0 flushing nmethod 0x00000227a2320890
Event: 378.538 Thread 0x00000227b60c16d0 flushing nmethod 0x00000227a2322e10
Event: 378.538 Thread 0x00000227b60c16d0 flushing nmethod 0x00000227a2323b10
Event: 378.538 Thread 0x00000227b60c16d0 flushing nmethod 0x00000227a2325a10
Event: 378.538 Thread 0x00000227b60c16d0 flushing nmethod 0x00000227a2326410
Event: 378.538 Thread 0x00000227b60c16d0 flushing nmethod 0x00000227a2326f90
Event: 378.538 Thread 0x00000227b60c16d0 flushing nmethod 0x00000227a2327410
Event: 378.538 Thread 0x00000227b60c16d0 flushing nmethod 0x00000227a2327890
Event: 378.538 Thread 0x00000227b60c16d0 flushing nmethod 0x00000227a2327d10
Event: 378.538 Thread 0x00000227b60c16d0 flushing nmethod 0x00000227a2328190
Event: 378.538 Thread 0x00000227b60c16d0 flushing nmethod 0x00000227a2328610
Event: 378.538 Thread 0x00000227b60c16d0 flushing nmethod 0x00000227a2328a90
Event: 378.538 Thread 0x00000227b60c16d0 flushing nmethod 0x00000227a2328f10
Event: 378.538 Thread 0x00000227b60c16d0 flushing nmethod 0x00000227a2329390
Event: 378.538 Thread 0x00000227b60c16d0 flushing nmethod 0x00000227a232f690
Event: 378.538 Thread 0x00000227b60c16d0 flushing nmethod 0x00000227a234d790
Event: 378.539 Thread 0x00000227b60c16d0 flushing nmethod 0x00000227a23a6410
Event: 379.387 Thread 0x00000227e35cf060 Thread exited: 0x00000227e35cf060
Event: 379.388 Thread 0x00000227e35ceb10 Thread exited: 0x00000227e35ceb10


Dynamic libraries:
0x00007ff68d2e0000 - 0x00007ff68d2f0000 	C:\Program Files\Java\jdk-17\bin\java.exe
0x00007ff9b22b0000 - 0x00007ff9b24a8000 	C:\Windows\SYSTEM32\ntdll.dll
0x00007ff9b1eb0000 - 0x00007ff9b1f72000 	C:\Windows\System32\KERNEL32.DLL
0x00007ff9afa80000 - 0x00007ff9afd76000 	C:\Windows\System32\KERNELBASE.dll
0x00007ff9b0150000 - 0x00007ff9b0250000 	C:\Windows\System32\ucrtbase.dll
0x00007ff9ab9e0000 - 0x00007ff9ab9f9000 	C:\Program Files\Java\jdk-17\bin\jli.dll
0x00007ff9ab7b0000 - 0x00007ff9ab7cb000 	C:\Program Files\Java\jdk-17\bin\VCRUNTIME140.dll
0x00007ff9b0c60000 - 0x00007ff9b0d11000 	C:\Windows\System32\ADVAPI32.dll
0x00007ff9b17e0000 - 0x00007ff9b187e000 	C:\Windows\System32\msvcrt.dll
0x00007ff9b1530000 - 0x00007ff9b15cf000 	C:\Windows\System32\sechost.dll
0x00007ff9b1900000 - 0x00007ff9b1a20000 	C:\Windows\System32\RPCRT4.dll
0x00007ff9aff10000 - 0x00007ff9aff37000 	C:\Windows\System32\bcrypt.dll
0x00007ff9b0e30000 - 0x00007ff9b0fd1000 	C:\Windows\System32\USER32.dll
0x00007ff9afee0000 - 0x00007ff9aff02000 	C:\Windows\System32\win32u.dll
0x00007ff98fae0000 - 0x00007ff98fd7b000 	C:\Windows\WinSxS\amd64_microsoft.windows.common-controls_6595b64144ccf1df_6.0.19041.6456_none_60b8a6cb71f64256\COMCTL32.dll
0x00007ff9b1730000 - 0x00007ff9b175b000 	C:\Windows\System32\GDI32.dll
0x00007ff9b0030000 - 0x00007ff9b0149000 	C:\Windows\System32\gdi32full.dll
0x00007ff9aff40000 - 0x00007ff9affdd000 	C:\Windows\System32\msvcp_win.dll
0x00007ff9aaff0000 - 0x00007ff9aaffa000 	C:\Windows\SYSTEM32\VERSION.dll
0x00007ff9b2090000 - 0x00007ff9b20bf000 	C:\Windows\System32\IMM32.DLL
0x00007ff9ab830000 - 0x00007ff9ab83c000 	C:\Program Files\Java\jdk-17\bin\vcruntime140_1.dll
0x00007ff998550000 - 0x00007ff9985de000 	C:\Program Files\Java\jdk-17\bin\msvcp140.dll
0x00007ff95c9c0000 - 0x00007ff95d5a0000 	C:\Program Files\Java\jdk-17\bin\server\jvm.dll
0x00007ff9b1760000 - 0x00007ff9b1768000 	C:\Windows\System32\PSAPI.DLL
0x00007ff9ab9b0000 - 0x00007ff9ab9b9000 	C:\Windows\SYSTEM32\WSOCK32.dll
0x00007ff998a60000 - 0x00007ff998a87000 	C:\Windows\SYSTEM32\WINMM.dll
0x00007ff9b1770000 - 0x00007ff9b17db000 	C:\Windows\System32\WS2_32.dll
0x00007ff9ae110000 - 0x00007ff9ae122000 	C:\Windows\SYSTEM32\kernel.appcore.dll
0x00007ff9ab7e0000 - 0x00007ff9ab7ea000 	C:\Program Files\Java\jdk-17\bin\jimage.dll
0x00007ff9addf0000 - 0x00007ff9adff1000 	C:\Windows\SYSTEM32\DBGHELP.DLL
0x00007ff9a77c0000 - 0x00007ff9a77f4000 	C:\Windows\SYSTEM32\dbgcore.DLL
0x00007ff9af940000 - 0x00007ff9af9c2000 	C:\Windows\System32\bcryptPrimitives.dll
0x00007ff9a1b30000 - 0x00007ff9a1b3e000 	C:\Program Files\Java\jdk-17\bin\instrument.dll
0x00007ff994150000 - 0x00007ff994175000 	C:\Program Files\Java\jdk-17\bin\java.dll
0x00007ff9858e0000 - 0x00007ff9859b7000 	C:\Program Files\Java\jdk-17\bin\jsvml.dll
0x00007ff9b02d0000 - 0x00007ff9b0a40000 	C:\Windows\System32\SHELL32.dll
0x00007ff9ad570000 - 0x00007ff9add15000 	C:\Windows\SYSTEM32\windows.storage.dll
0x00007ff9b1100000 - 0x00007ff9b1454000 	C:\Windows\System32\combase.dll
0x00007ff9af280000 - 0x00007ff9af2ab000 	C:\Windows\SYSTEM32\Wldp.dll
0x00007ff9b1460000 - 0x00007ff9b152d000 	C:\Windows\System32\OLEAUT32.dll
0x00007ff9b1f80000 - 0x00007ff9b202d000 	C:\Windows\System32\SHCORE.dll
0x00007ff9b2030000 - 0x00007ff9b208b000 	C:\Windows\System32\shlwapi.dll
0x00007ff9af870000 - 0x00007ff9af894000 	C:\Windows\SYSTEM32\profapi.dll
0x00007ff9a9960000 - 0x00007ff9a9978000 	C:\Program Files\Java\jdk-17\bin\zip.dll
0x00007ff9ab740000 - 0x00007ff9ab759000 	C:\Program Files\Java\jdk-17\bin\net.dll
0x00007ff9ac5a0000 - 0x00007ff9ac6aa000 	C:\Windows\SYSTEM32\WINHTTP.dll
0x00007ff9af070000 - 0x00007ff9af0da000 	C:\Windows\system32\mswsock.dll
0x00007ff9aa910000 - 0x00007ff9aa926000 	C:\Program Files\Java\jdk-17\bin\nio.dll
0x00007ff9a1ca0000 - 0x00007ff9a1cb0000 	C:\Program Files\Java\jdk-17\bin\verify.dll
0x00007ff98a550000 - 0x00007ff98a577000 	C:\Users\hp\.gradle\native\660c5614fbf4a5f2a75b1949f50a0caf5cd603558e7d8a26e50b933a0cfb79d1\windows-amd64\native-platform.dll
0x00007ff987f10000 - 0x00007ff987f87000 	C:\Users\hp\.gradle\native\0.2.8\x86_64-windows-gnu\gradle-fileevents.dll
0x00007ff9ab7a0000 - 0x00007ff9ab7aa000 	C:\Program Files\Java\jdk-17\bin\management.dll
0x00007ff9aa9f0000 - 0x00007ff9aa9fb000 	C:\Program Files\Java\jdk-17\bin\management_ext.dll
0x00007ff9aed20000 - 0x00007ff9aed5b000 	C:\Windows\SYSTEM32\IPHLPAPI.DLL
0x00007ff9b1ea0000 - 0x00007ff9b1ea8000 	C:\Windows\System32\NSI.dll
0x00007ff9a9710000 - 0x00007ff9a9727000 	C:\Windows\SYSTEM32\dhcpcsvc6.DLL
0x00007ff9aaf60000 - 0x00007ff9aaf7d000 	C:\Windows\SYSTEM32\dhcpcsvc.DLL
0x00007ff9aed70000 - 0x00007ff9aee3a000 	C:\Windows\SYSTEM32\DNSAPI.dll
0x00007ff9af2d0000 - 0x00007ff9af2e8000 	C:\Windows\SYSTEM32\CRYPTSP.dll
0x00007ff9ae940000 - 0x00007ff9ae978000 	C:\Windows\system32\rsaenh.dll
0x00007ff9af7f0000 - 0x00007ff9af81e000 	C:\Windows\SYSTEM32\USERENV.dll
0x00007ff9af2b0000 - 0x00007ff9af2bc000 	C:\Windows\SYSTEM32\CRYPTBASE.dll
0x00007ff9a16f0000 - 0x00007ff9a16fe000 	C:\Program Files\Java\jdk-17\bin\sunmscapi.dll
0x00007ff9afd80000 - 0x00007ff9afedd000 	C:\Windows\System32\CRYPT32.dll
0x00007ff9af3e0000 - 0x00007ff9af407000 	C:\Windows\SYSTEM32\ncrypt.dll
0x00007ff9af3a0000 - 0x00007ff9af3db000 	C:\Windows\SYSTEM32\NTASN1.dll
0x00007ff9ab730000 - 0x00007ff9ab737000 	C:\Windows\system32\wshunix.dll
0x00007ff9aeb90000 - 0x00007ff9aebc3000 	C:\Windows\SYSTEM32\ntmarta.dll
0x00007ff9a0c60000 - 0x00007ff9a0c67000 	C:\Program Files\Java\jdk-17\bin\rmi.dll

dbghelp: loaded successfully - version: 4.0.5 - missing functions: none
symbol engine: initialized successfully - sym options: 0x614 - pdb path: .;C:\Program Files\Java\jdk-17\bin;C:\Windows\SYSTEM32;C:\Windows\WinSxS\amd64_microsoft.windows.common-controls_6595b64144ccf1df_6.0.19041.6456_none_60b8a6cb71f64256;C:\Program Files\Java\jdk-17\bin\server;C:\Users\hp\.gradle\native\660c5614fbf4a5f2a75b1949f50a0caf5cd603558e7d8a26e50b933a0cfb79d1\windows-amd64;C:\Users\hp\.gradle\native\0.2.8\x86_64-windows-gnu

VM Arguments:
jvm_args: --add-opens=java.base/java.lang=ALL-UNNAMED --add-opens=java.base/java.lang.invoke=ALL-UNNAMED --add-opens=java.base/java.util=ALL-UNNAMED --add-opens=java.prefs/java.util.prefs=ALL-UNNAMED --add-exports=jdk.compiler/com.sun.tools.javac.api=ALL-UNNAMED --add-exports=jdk.compiler/com.sun.tools.javac.util=ALL-UNNAMED --add-opens=java.base/java.util=ALL-UNNAMED --add-opens=java.prefs/java.util.prefs=ALL-UNNAMED --add-opens=java.base/java.nio.charset=ALL-UNNAMED --add-opens=java.base/java.net=ALL-UNNAMED --add-opens=java.base/java.util.concurrent=ALL-UNNAMED --add-opens=java.base/java.util.concurrent.atomic=ALL-UNNAMED --add-opens=java.xml/javax.xml.namespace=ALL-UNNAMED --add-opens=java.base/java.time=ALL-UNNAMED -XX:MaxMetaspaceSize=512m -Xmx2048m -Dfile.encoding=windows-1252 -Duser.country=US -Duser.language=en -Duser.variant -javaagent:C:\Users\hp\.gradle\wrapper\dists\gradle-9.4.1-bin\arn2x92ynaizyzdaamcbpbhtj\gradle-9.4.1\lib\agents\gradle-instrumentation-agent-9.4.1.jar 
java_command: org.gradle.launcher.daemon.bootstrap.GradleDaemon 9.4.1
java_class_path (initial): C:\Users\hp\.gradle\wrapper\dists\gradle-9.4.1-bin\arn2x92ynaizyzdaamcbpbhtj\gradle-9.4.1\lib\gradle-daemon-main-9.4.1.jar
Launcher Type: SUN_STANDARD

[Global flags]
     intx CICompilerCount                          = 4                                         {product} {ergonomic}
   size_t CompressedClassSpaceSize                 = 436207616                                 {product} {ergonomic}
     uint ConcGCThreads                            = 2                                         {product} {ergonomic}
     uint G1ConcRefinementThreads                  = 8                                         {product} {ergonomic}
   size_t G1HeapRegionSize                         = 1048576                                   {product} {ergonomic}
    uintx GCDrainStackTargetSize                   = 64                                        {product} {ergonomic}
   size_t InitialHeapSize                          = 266338304                                 {product} {ergonomic}
   size_t MarkStackSize                            = 4194304                                   {product} {ergonomic}
   size_t MaxHeapSize                              = 2147483648                                {product} {command line}
   size_t MaxMetaspaceSize                         = 536870912                                 {product} {command line}
   size_t MaxNewSize                               = 1287651328                                {product} {ergonomic}
   size_t MinHeapDeltaBytes                        = 1048576                                   {product} {ergonomic}
   size_t MinHeapSize                              = 8388608                                   {product} {ergonomic}
    uintx NonNMethodCodeHeapSize                   = 5839372                                {pd product} {ergonomic}
    uintx NonProfiledCodeHeapSize                  = 122909434                              {pd product} {ergonomic}
    uintx ProfiledCodeHeapSize                     = 122909434                              {pd product} {ergonomic}
    uintx ReservedCodeCacheSize                    = 251658240                              {pd product} {ergonomic}
     bool SegmentedCodeCache                       = true                                      {product} {ergonomic}
   size_t SoftMaxHeapSize                          = 2147483648                             {manageable} {ergonomic}
     bool UseCompressedClassPointers               = true                           {product lp64_product} {ergonomic}
     bool UseCompressedOops                        = true                           {product lp64_product} {ergonomic}
     bool UseG1GC                                  = true                                      {product} {ergonomic}
     bool UseLargePagesIndividualAllocation        = false                                  {pd product} {ergonomic}

Logging:
Log output configuration:
 #0: stdout all=warning uptime,level,tags
 #1: stderr all=off uptime,level,tags

Environment Variables:
JAVA_HOME=C:\Program Files\Java\jdk-17
PATH=D:\Projects\myproj\myproj\klyenora\node_modules\.bin;D:\Projects\myproj\myproj\klyenora\node_modules\.bin;D:\Projects\myproj\myproj\node_modules\.bin;D:\Projects\myproj\node_modules\.bin;D:\Projects\node_modules\.bin;D:\node_modules\.bin;C:\Users\hp\AppData\Local\nvm\v20.17.0\node_modules\npm\node_modules\@npmcli\run-script\lib\node-gyp-bin;C:\Program Files\Common Files\Oracle\Java\javapath;C:\Windows\system32;C:\Windows;C:\Windows\System32\Wbem;C:\Windows\System32\WindowsPowerShell\v1.0\;C:\Windows\System32\OpenSSH\;C:\Users\hp\AppData\Local\nvm;C:\nvm4w\nodejs;C:\Program Files\Git\cmd;D:\xampp\php;C:\ProgramData\ComposerSetup\bin;C:\Program Files\GitHub CLI\;C:\Users\hp\AppData\Local\Microsoft\WindowsApps;C:\Users\hp\AppData\Local\nvm;C:\nvm4w\nodejs;C:\Users\hp\AppData\Local\Android\Sdk\emulator;C:\Users\hp\AppData\Local\Android\Sdk\platform-tools;C:\Users\hp\AppData\Local\Android\Sdk\tools;C:\Users\hp\AppData\Local\Android\Sdk\tools\bin;C:\Users\hp\AppData\Local\Programs\Microsoft VS Code\bin;C:\Program Files\Java\jdk-11.0.31\bin;C:\Users\hp\AppData\Roaming\Composer\vendor\bin;D:\Users\hp\AppData\Local\Programs\Antigravity IDE\bin
USERNAME=Munir
LANG=en_US.UTF-8
OS=Windows_NT
PROCESSOR_IDENTIFIER=Intel64 Family 6 Model 142 Stepping 12, GenuineIntel



---------------  S Y S T E M  ---------------

OS:
 Windows 10 , 64 bit Build 19041 (10.0.19041.5915)
OS uptime: 0 days 4:38 hours
Hyper-V role detected

CPU: total 8 (initial active 8) (4 cores per cpu, 2 threads per core) family 6 model 142 stepping 12 microcode 0x100, cx8, cmov, fxsr, ht, mmx, 3dnowpref, sse, sse2, sse3, ssse3, sse4.1, sse4.2, popcnt, lzcnt, tsc, tscinvbit, avx, avx2, aes, erms, clmul, bmi1, bmi2, adx, fma, vzeroupper, clflush, clflushopt, hv

Memory: 4k page, system-wide physical 16157M (4493M free)
TotalPageFile size 16705M (AvailPageFile size 270M)
current process WorkingSet (physical memory assigned to process): 865M, peak: 903M
current process commit charge ("private bytes"): 912M, peak: 943M

vm_info: Java HotSpot(TM) 64-Bit Server VM (17.0.12+8-LTS-286) for windows-amd64 JRE (17.0.12+8-LTS-286), built on Jun  5 2024 06:46:59 by "mach5one" with MS VC++ 17.6 (VS2022)

END.
