#
# There is insufficient memory for the Java Runtime Environment to continue.
# Native memory allocation (mmap) failed to map 299892736 bytes for G1 virtual space
# Possible reasons:
#   The system is out of physical RAM or swap space
#   The process is running with CompressedOops enabled, and the Java Heap may be blocking the growth of the native heap
# Possible solutions:
#   Reduce memory load on the system
#   Increase physical memory or swap space
#   Check if swap backing store is full
#   Decrease Java heap size (-Xmx/-Xms)
#   Decrease number of Java threads
#   Decrease Java thread stack sizes (-Xss)
#   Set larger code cache with -XX:ReservedCodeCacheSize=
#   JVM is running with Zero Based Compressed Oops mode in which the Java heap is
#     placed in the first 32GB address space. The Java Heap base address is the
#     maximum limit for the native heap growth. Please use -XX:HeapBaseMinAddress
#     to set the Java Heap base and to place the Java Heap above 32GB virtual address.
# This output file may be truncated or incomplete.
#
#  Out of Memory Error (os_windows.cpp:3548), pid=12456, tid=18668
#
# JRE version: Java(TM) SE Runtime Environment (17.0.12+8) (build 17.0.12+8-LTS-286)
# Java VM: Java HotSpot(TM) 64-Bit Server VM (17.0.12+8-LTS-286, mixed mode, sharing, tiered, compressed oops, compressed class ptrs, g1 gc, windows-amd64)
# No core dump will be written. Minidumps are not enabled by default on client versions of Windows
#

---------------  S U M M A R Y ------------

Command Line: --add-opens=java.base/java.lang=ALL-UNNAMED --add-opens=java.base/java.lang.invoke=ALL-UNNAMED --add-opens=java.base/java.util=ALL-UNNAMED --add-opens=java.prefs/java.util.prefs=ALL-UNNAMED --add-exports=jdk.compiler/com.sun.tools.javac.api=ALL-UNNAMED --add-exports=jdk.compiler/com.sun.tools.javac.util=ALL-UNNAMED --add-opens=java.base/java.util=ALL-UNNAMED --add-opens=java.prefs/java.util.prefs=ALL-UNNAMED --add-opens=java.base/java.nio.charset=ALL-UNNAMED --add-opens=java.base/java.net=ALL-UNNAMED --add-opens=java.base/java.util.concurrent=ALL-UNNAMED --add-opens=java.base/java.util.concurrent.atomic=ALL-UNNAMED --add-opens=java.xml/javax.xml.namespace=ALL-UNNAMED --add-opens=java.base/java.time=ALL-UNNAMED -XX:MaxMetaspaceSize=512m -Xmx3072m -Dfile.encoding=windows-1252 -Duser.country=US -Duser.language=en -Duser.variant -javaagent:C:\Users\hp\.gradle\wrapper\dists\gradle-9.4.1-bin\arn2x92ynaizyzdaamcbpbhtj\gradle-9.4.1\lib\agents\gradle-instrumentation-agent-9.4.1.jar org.gradle.launcher.daemon.bootstrap.GradleDaemon 9.4.1

Host: Intel(R) Core(TM) i5-10310U CPU @ 1.70GHz, 8 cores, 15G,  Windows 10 , 64 bit Build 19041 (10.0.19041.5915)
Time: Fri Oct  9 14:49:51 2026 India Standard Time elapsed time: 128.083564 seconds (0d 0h 2m 8s)

---------------  T H R E A D  ---------------

Current thread (0x0000019ac50559e0):  VMThread "VM Thread" [stack: 0x00000014d4c00000,0x00000014d4d00000] [id=18668]

Stack: [0x00000014d4c00000,0x00000014d4d00000]
Native frames: (J=compiled Java code, j=interpreted, Vv=VM code, C=native code)
V  [jvm.dll+0x67a04a]
V  [jvm.dll+0x7da4ed]
V  [jvm.dll+0x7dbe33]
V  [jvm.dll+0x7dc4a3]
V  [jvm.dll+0x24508f]
V  [jvm.dll+0x677089]
V  [jvm.dll+0x66bd32]
V  [jvm.dll+0x301fa6]
V  [jvm.dll+0x309546]
V  [jvm.dll+0x359d2e]
V  [jvm.dll+0x359f5f]
V  [jvm.dll+0x2d9078]
V  [jvm.dll+0x2d74ad]
V  [jvm.dll+0x2d6afc]
V  [jvm.dll+0x31a65b]
V  [jvm.dll+0x7e0d9b]
V  [jvm.dll+0x7e1ad4]
V  [jvm.dll+0x7e1fed]
V  [jvm.dll+0x7e23c4]
V  [jvm.dll+0x7e2490]
V  [jvm.dll+0x78abea]
V  [jvm.dll+0x678f35]
C  [ucrtbase.dll+0x21bb2]
C  [KERNEL32.DLL+0x17374]
C  [ntdll.dll+0x4cc91]

VM_Operation (0x00000014d67fd870): G1CollectForAllocation, mode: safepoint, requested by thread 0x0000019af1331400


---------------  P R O C E S S  ---------------

Threads class SMR info:
_java_thread_list=0x0000019aec8bc470, length=81, elements={
0x0000019aa289d820, 0x0000019ac505c410, 0x0000019ac505cfa0, 0x0000019ac506e220,
0x0000019ac506fc60, 0x0000019ac5071540, 0x0000019ac5071e10, 0x0000019ac5072ac0,
0x0000019ac5076980, 0x0000019ac5077290, 0x0000019ac5282720, 0x0000019ac530b200,
0x0000019ae6718380, 0x0000019ae58e7e90, 0x0000019ae6796130, 0x0000019ae6b0f440,
0x0000019ae5796cf0, 0x0000019ae5799060, 0x0000019ae5799570, 0x0000019ae579a4a0,
0x0000019ae7f8c9d0, 0x0000019ae7f90180, 0x0000019ae7f91ad0, 0x0000019ae7f8f250,
0x0000019ae7f8ab70, 0x0000019aeb9113a0, 0x0000019aeb90f030, 0x0000019aeb90f540,
0x0000019aeb90fa50, 0x0000019aeb90ff60, 0x0000019aeb910980, 0x0000019aeb910e90,
0x0000019aea39bc60, 0x0000019aea39c680, 0x0000019aea39cb90, 0x0000019aea39ef00,
0x0000019aea39dac0, 0x0000019aea39b240, 0x0000019aea39b750, 0x0000019aec9ec150,
0x0000019aec9ef900, 0x0000019aec9eeee0, 0x0000019aec9ecb70, 0x0000019aec9ed080,
0x0000019aec9efe10, 0x0000019aec9edaa0, 0x0000019aec9f1c70, 0x0000019aec9ee4c0,
0x0000019aec9ead10, 0x0000019aec9ef3f0, 0x0000019aec9eb220, 0x0000019aec9f0320,
0x0000019ae7f90690, 0x0000019ae7f8d3f0, 0x0000019ae7f8a660, 0x0000019ae7f8d900,
0x0000019ae5798640, 0x0000019ae5797710, 0x0000019ae5798b50, 0x0000019ae5798130,
0x0000019ae5799f90, 0x0000019aea39e4e0, 0x0000019aea398ed0, 0x0000019aea399e00,
0x0000019aeb9122d0, 0x0000019aea31ced0, 0x0000019aea320b90, 0x0000019aea31de00,
0x0000019aea320680, 0x0000019aea31d3e0, 0x0000019aea31b580, 0x0000019aea31bfa0,
0x0000019af1331400, 0x0000019af1330ef0, 0x0000019af292f940, 0x0000019af4192d20,
0x0000019af1331e20, 0x0000019af4193230, 0x0000019af4194160, 0x0000019af13304d0,
0x0000019ae79648b0
}

Java Threads: ( => current thread )
  0x0000019aa289d820 JavaThread "main" [_thread_blocked, id=19260, stack(0x00000014d4600000,0x00000014d4700000)]
  0x0000019ac505c410 JavaThread "Reference Handler" daemon [_thread_blocked, id=18500, stack(0x00000014d4d00000,0x00000014d4e00000)]
  0x0000019ac505cfa0 JavaThread "Finalizer" daemon [_thread_blocked, id=18360, stack(0x00000014d4e00000,0x00000014d4f00000)]
  0x0000019ac506e220 JavaThread "Signal Dispatcher" daemon [_thread_blocked, id=18960, stack(0x00000014d4f00000,0x00000014d5000000)]
  0x0000019ac506fc60 JavaThread "Attach Listener" daemon [_thread_blocked, id=1060, stack(0x00000014d5000000,0x00000014d5100000)]
  0x0000019ac5071540 JavaThread "Service Thread" daemon [_thread_blocked, id=16708, stack(0x00000014d5100000,0x00000014d5200000)]
  0x0000019ac5071e10 JavaThread "Monitor Deflation Thread" daemon [_thread_blocked, id=13912, stack(0x00000014d5200000,0x00000014d5300000)]
  0x0000019ac5072ac0 JavaThread "C2 CompilerThread0" daemon [_thread_blocked, id=5180, stack(0x00000014d5300000,0x00000014d5400000)]
  0x0000019ac5076980 JavaThread "C1 CompilerThread0" daemon [_thread_blocked, id=17260, stack(0x00000014d5400000,0x00000014d5500000)]
  0x0000019ac5077290 JavaThread "Sweeper thread" daemon [_thread_blocked, id=19964, stack(0x00000014d5500000,0x00000014d5600000)]
  0x0000019ac5282720 JavaThread "Common-Cleaner" daemon [_thread_blocked, id=13764, stack(0x00000014d5600000,0x00000014d5700000)]
  0x0000019ac530b200 JavaThread "Notification Thread" daemon [_thread_blocked, id=20432, stack(0x00000014d5700000,0x00000014d5800000)]
  0x0000019ae6718380 JavaThread "Daemon health stats" [_thread_blocked, id=18072, stack(0x00000014d6000000,0x00000014d6100000)]
  0x0000019ae58e7e90 JavaThread "Incoming local TCP Connector on port 59482" [_thread_in_native, id=5780, stack(0x00000014d6100000,0x00000014d6200000)]
  0x0000019ae6796130 JavaThread "Daemon periodic checks" [_thread_blocked, id=9720, stack(0x00000014d6200000,0x00000014d6300000)]
  0x0000019ae6b0f440 JavaThread "Daemon" [_thread_blocked, id=19168, stack(0x00000014d6300000,0x00000014d6400000)]
  0x0000019ae5796cf0 JavaThread "Daemon worker" [_thread_blocked, id=13836, stack(0x00000014d6600000,0x00000014d6700000)]
  0x0000019ae5799060 JavaThread "Cache worker for journal cache (C:\Users\hp\.gradle\caches\journal-1)" [_thread_blocked, id=3388, stack(0x00000014d6a00000,0x00000014d6b00000)]
  0x0000019ae5799570 JavaThread "File lock request listener" [_thread_in_native, id=10792, stack(0x00000014d6b00000,0x00000014d6c00000)]
  0x0000019ae579a4a0 JavaThread "Cache worker for file hash cache (C:\Users\hp\.gradle\caches\9.4.1\fileHashes)" [_thread_blocked, id=3480, stack(0x00000014d6c00000,0x00000014d6d00000)]
  0x0000019ae7f8c9d0 JavaThread "File watcher server" daemon [_thread_blocked, id=20172, stack(0x00000014d7200000,0x00000014d7300000)]
  0x0000019ae7f90180 JavaThread "File watcher consumer" daemon [_thread_blocked, id=7796, stack(0x00000014d7300000,0x00000014d7400000)]
  0x0000019ae7f91ad0 JavaThread "Cache worker for file content cache (C:\Users\hp\.gradle\caches\9.4.1\fileContent)" [_thread_blocked, id=10616, stack(0x00000014d7400000,0x00000014d7500000)]
  0x0000019ae7f8f250 JavaThread "jar transforms" [_thread_blocked, id=15700, stack(0x00000014d7800000,0x00000014d7900000)]
  0x0000019ae7f8ab70 JavaThread "Memory manager" [_thread_blocked, id=17088, stack(0x00000014d5900000,0x00000014d5a00000)]
  0x0000019aeb9113a0 JavaThread "ForkJoinPool.commonPool-worker-1" daemon [_thread_blocked, id=8060, stack(0x00000014d7e00000,0x00000014d7f00000)]
  0x0000019aeb90f030 JavaThread "ForkJoinPool.commonPool-worker-2" daemon [_thread_blocked, id=18368, stack(0x00000014d7f00000,0x00000014d8000000)]
  0x0000019aeb90f540 JavaThread "ForkJoinPool.commonPool-worker-3" daemon [_thread_blocked, id=19244, stack(0x00000014d8000000,0x00000014d8100000)]
  0x0000019aeb90fa50 JavaThread "ForkJoinPool.commonPool-worker-4" daemon [_thread_blocked, id=18944, stack(0x00000014d8100000,0x00000014d8200000)]
  0x0000019aeb90ff60 JavaThread "ForkJoinPool.commonPool-worker-5" daemon [_thread_blocked, id=16908, stack(0x00000014d8200000,0x00000014d8300000)]
  0x0000019aeb910980 JavaThread "ForkJoinPool.commonPool-worker-6" daemon [_thread_blocked, id=16800, stack(0x00000014d8300000,0x00000014d8400000)]
  0x0000019aeb910e90 JavaThread "ForkJoinPool.commonPool-worker-7" daemon [_thread_blocked, id=18856, stack(0x00000014d8400000,0x00000014d8500000)]
  0x0000019aea39bc60 JavaThread "jar transforms Thread 2" [_thread_blocked, id=19164, stack(0x00000014d8800000,0x00000014d8900000)]
  0x0000019aea39c680 JavaThread "jar transforms Thread 3" [_thread_blocked, id=19348, stack(0x00000014d8900000,0x00000014d8a00000)]
  0x0000019aea39cb90 JavaThread "jar transforms Thread 4" [_thread_blocked, id=18524, stack(0x00000014d8a00000,0x00000014d8b00000)]
  0x0000019aea39ef00 JavaThread "jar transforms Thread 5" [_thread_blocked, id=8200, stack(0x00000014d8b00000,0x00000014d8c00000)]
  0x0000019aea39dac0 JavaThread "jar transforms Thread 6" [_thread_blocked, id=3972, stack(0x00000014d8c00000,0x00000014d8d00000)]
  0x0000019aea39b240 JavaThread "jar transforms Thread 7" [_thread_blocked, id=17192, stack(0x00000014d8e00000,0x00000014d8f00000)]
  0x0000019aea39b750 JavaThread "jar transforms Thread 8" [_thread_blocked, id=6320, stack(0x00000014d8f00000,0x00000014d9000000)]
  0x0000019aec9ec150 JavaThread "Handler for socket connection from /127.0.0.1:59482 to /127.0.0.1:59505" [_thread_in_native, id=20196, stack(0x00000014d4300000,0x00000014d4400000)]
  0x0000019aec9ef900 JavaThread "Cancel handler" [_thread_blocked, id=13024, stack(0x00000014d4400000,0x00000014d4500000)]
  0x0000019aec9eeee0 JavaThread "Asynchronous log dispatcher for DefaultDaemonConnection: socket connection from /127.0.0.1:59482 to /127.0.0.1:59505" [_thread_blocked, id=11776, stack(0x00000014d4500000,0x00000014d4600000)]
  0x0000019aec9ecb70 JavaThread "Stdin handler" [_thread_blocked, id=16280, stack(0x00000014d6500000,0x00000014d6600000)]
  0x0000019aec9ed080 JavaThread "Daemon client event forwarder" [_thread_blocked, id=17420, stack(0x00000014d6800000,0x00000014d6900000)]
  0x0000019aec9efe10 JavaThread "Cache worker for file hash cache (D:\Projects\myproj\myproj\klyenora\android\.gradle\9.4.1\fileHashes)" [_thread_blocked, id=20268, stack(0x00000014d6900000,0x00000014d6a00000)]
  0x0000019aec9edaa0 JavaThread "Cache worker for Build Output Cleanup Cache (D:\Projects\myproj\myproj\klyenora\android\.gradle\buildOutputCleanup)" [_thread_blocked, id=312, stack(0x00000014d7000000,0x00000014d7100000)]
  0x0000019aec9f1c70 JavaThread "Cache worker for checksums cache (D:\Projects\myproj\myproj\klyenora\android\.gradle\9.4.1\checksums)" [_thread_blocked, id=17480, stack(0x00000014d7600000,0x00000014d7700000)]
  0x0000019aec9ee4c0 JavaThread "Cache worker for cache directory md-supplier (C:\Users\hp\.gradle\caches\9.4.1\md-supplier)" [_thread_blocked, id=10100, stack(0x00000014d7700000,0x00000014d7800000)]
  0x0000019aec9ead10 JavaThread "Cache worker for cache directory md-rule (C:\Users\hp\.gradle\caches\9.4.1\md-rule)" [_thread_blocked, id=17224, stack(0x00000014d7900000,0x00000014d7a00000)]
  0x0000019aec9ef3f0 JavaThread "Cache worker for Build Output Cleanup Cache (D:\Projects\myproj\myproj\klyenora\node_modules\@react-native\gradle-plugin\.gradle\buildOutputCleanup)" [_thread_blocked, id=20192, stack(0x00000014d7a00000,0x00000014d7b00000)]
  0x0000019aec9eb220 JavaThread "Build operations" [_thread_blocked, id=18364, stack(0x00000014d7b00000,0x00000014d7c00000)]
  0x0000019aec9f0320 JavaThread "Build operations Thread 2" [_thread_blocked, id=18288, stack(0x00000014d7c00000,0x00000014d7d00000)]
  0x0000019ae7f90690 JavaThread "build event listener" [_thread_blocked, id=20052, stack(0x00000014d7d00000,0x00000014d7e00000)]
  0x0000019ae7f8d3f0 JavaThread "included builds" [_thread_blocked, id=20152, stack(0x00000014d8500000,0x00000014d8600000)]
  0x0000019ae7f8a660 JavaThread "Execution worker" [_thread_blocked, id=1560, stack(0x00000014d8600000,0x00000014d8700000)]
  0x0000019ae7f8d900 JavaThread "Cache worker for execution history cache (D:\Projects\myproj\myproj\klyenora\node_modules\@react-native\gradle-plugin\.gradle\9.4.1\executionHistory)" [_thread_blocked, id=8896, stack(0x00000014d8700000,0x00000014d8800000)]
  0x0000019ae5798640 JavaThread "build event listener" [_thread_blocked, id=9264, stack(0x00000014d8d00000,0x00000014d8e00000)]
  0x0000019ae5797710 JavaThread "Problems report writer" [_thread_blocked, id=18888, stack(0x00000014d9000000,0x00000014d9100000)]
  0x0000019ae5798b50 JavaThread "Cache worker for execution history cache (D:\Projects\myproj\myproj\klyenora\android\.gradle\9.4.1\executionHistory)" [_thread_blocked, id=6080, stack(0x00000014d9100000,0x00000014d9200000)]
  0x0000019ae5798130 JavaThread "Exec process" [_thread_blocked, id=11484, stack(0x00000014d9200000,0x00000014d9300000)]
  0x0000019ae5799f90 JavaThread "Exec process Thread 2" [_thread_blocked, id=20104, stack(0x00000014d9300000,0x00000014d9400000)]
  0x0000019aea39e4e0 JavaThread "Exec process Thread 3" [_thread_blocked, id=17304, stack(0x00000014d9400000,0x00000014d9500000)]
  0x0000019aea398ed0 JavaThread "WorkerExecutor Queue Thread 2" [_thread_in_native, id=6568, stack(0x00000014d9600000,0x00000014d9700000)]
  0x0000019aea399e00 JavaThread "Cache worker for Java compile cache (C:\Users\hp\.gradle\caches\9.4.1\javaCompile)" [_thread_blocked, id=4852, stack(0x00000014d9700000,0x00000014d9800000)]
  0x0000019aeb9122d0 JavaThread "RMI Scheduler(0)" daemon [_thread_blocked, id=15676, stack(0x00000014d9800000,0x00000014d9900000)]
  0x0000019aea31ced0 JavaThread "RMI GC Daemon" daemon [_thread_blocked, id=17032, stack(0x00000014d9a00000,0x00000014d9b00000)]
  0x0000019aea320b90 JavaThread "RMI TCP Accept-0" daemon [_thread_in_native, id=10212, stack(0x00000014d9b00000,0x00000014d9c00000)]
  0x0000019aea31de00 JavaThread "RMI Reaper" [_thread_blocked, id=3252, stack(0x00000014d9c00000,0x00000014d9d00000)]
  0x0000019aea320680 JavaThread "RMI RenewClean-[127.0.0.1:17213,org.jetbrains.kotlin.daemon.common.LoopbackNetworkInterface$ClientLoopbackSocketFactory@21583e2b]" daemon [_thread_blocked, id=11824, stack(0x00000014d9d00000,0x00000014d9e00000)]
  0x0000019aea31d3e0 JavaThread "RMI TCP Connection(4)-127.0.0.1" daemon [_thread_in_native, id=4384, stack(0x00000014d9e00000,0x00000014d9f00000)]
  0x0000019aea31b580 JavaThread "RMI TCP Connection(idle)" daemon [_thread_blocked, id=9000, stack(0x00000014d9f00000,0x00000014da000000)]
  0x0000019aea31bfa0 JavaThread "WorkerExecutor Queue Thread 3" [_thread_blocked, id=12220, stack(0x00000014d7500000,0x00000014d7600000)]
  0x0000019af1331400 JavaThread "WorkerExecutor Queue Thread 4" [_thread_blocked, id=17652, stack(0x00000014d6700000,0x00000014d6800000)]
  0x0000019af1330ef0 JavaThread "ForkJoinPool-3-worker-1" daemon [_thread_blocked, id=15032, stack(0x00000014d7100000,0x00000014d7200000)]
  0x0000019af292f940 JavaThread "ForkJoinPool-3-worker-2" daemon [_thread_blocked, id=2948, stack(0x00000014d9500000,0x00000014d9600000)]
  0x0000019af4192d20 JavaThread "ForkJoinPool-3-worker-3" daemon [_thread_blocked, id=9460, stack(0x00000014da000000,0x00000014da100000)]
  0x0000019af1331e20 JavaThread "ForkJoinPool-3-worker-4" daemon [_thread_blocked, id=9020, stack(0x00000014da100000,0x00000014da200000)]
  0x0000019af4193230 JavaThread "ForkJoinPool-3-worker-5" daemon [_thread_blocked, id=10396, stack(0x00000014da200000,0x00000014da300000)]
  0x0000019af4194160 JavaThread "ForkJoinPool-3-worker-6" daemon [_thread_blocked, id=8368, stack(0x00000014da400000,0x00000014da500000)]
  0x0000019af13304d0 JavaThread "ForkJoinPool-3-worker-7" daemon [_thread_blocked, id=2100, stack(0x00000014da500000,0x00000014da600000)]
  0x0000019ae79648b0 JavaThread "ForkJoinPool-3-worker-8" daemon [_thread_blocked, id=17892, stack(0x00000014da600000,0x00000014da700000)]

Other Threads:
=>0x0000019ac50559e0 VMThread "VM Thread" [stack: 0x00000014d4c00000,0x00000014d4d00000] [id=18668]
  0x0000019ac530a940 WatcherThread [stack: 0x00000014d5800000,0x00000014d5900000] [id=2712]
  0x0000019aa28f60e0 GCTaskThread "GC Thread#0" [stack: 0x00000014d4700000,0x00000014d4800000] [id=5508]
  0x0000019ae5946e10 GCTaskThread "GC Thread#1" [stack: 0x00000014d5b00000,0x00000014d5c00000] [id=7896]
  0x0000019ae58f49f0 GCTaskThread "GC Thread#2" [stack: 0x00000014d5c00000,0x00000014d5d00000] [id=4156]
  0x0000019ae58f4cb0 GCTaskThread "GC Thread#3" [stack: 0x00000014d5d00000,0x00000014d5e00000] [id=16532]
  0x0000019ae579c040 GCTaskThread "GC Thread#4" [stack: 0x00000014d5e00000,0x00000014d5f00000] [id=14160]
  0x0000019ae579d640 GCTaskThread "GC Thread#5" [stack: 0x00000014d5f00000,0x00000014d6000000] [id=1472]
  0x0000019ae579c880 GCTaskThread "GC Thread#6" [stack: 0x00000014d6d00000,0x00000014d6e00000] [id=2600]
  0x0000019ae579c5c0 GCTaskThread "GC Thread#7" [stack: 0x00000014d6e00000,0x00000014d6f00000] [id=2680]
  0x0000019aa2903e50 ConcurrentGCThread "G1 Main Marker" [stack: 0x00000014d4800000,0x00000014d4900000] [id=7320]
  0x0000019aa2904e10 ConcurrentGCThread "G1 Conc#0" [stack: 0x00000014d4900000,0x00000014d4a00000] [id=17740]
  0x0000019ae579ce00 ConcurrentGCThread "G1 Conc#1" [stack: 0x00000014d6f00000,0x00000014d7000000] [id=19944]
  0x0000019aa295b9d0 ConcurrentGCThread "G1 Refine#0" [stack: 0x00000014d4a00000,0x00000014d4b00000] [id=14180]
  0x0000019af42aa890 ConcurrentGCThread "G1 Refine#1" [stack: 0x00000014da800000,0x00000014da900000] [id=6224]
  0x0000019aec1b2080 ConcurrentGCThread "G1 Refine#2" [stack: 0x00000014d9900000,0x00000014d9a00000] [id=18160]
  0x0000019aec1b2ab0 ConcurrentGCThread "G1 Refine#3" [stack: 0x00000014da900000,0x00000014daa00000] [id=12536]
  0x0000019aeb6c2aa0 ConcurrentGCThread "G1 Refine#4" [stack: 0x00000014daa00000,0x00000014dab00000] [id=3760]
  0x0000019ac52803d0 ConcurrentGCThread "G1 Refine#5" [stack: 0x00000014dab00000,0x00000014dac00000] [id=18576]
  0x0000019aec1b2370 ConcurrentGCThread "G1 Refine#6" [stack: 0x00000014dac00000,0x00000014dad00000] [id=16244]
  0x0000019af42aa2b0 ConcurrentGCThread "G1 Refine#7" [stack: 0x00000014dad00000,0x00000014dae00000] [id=11644]
  0x0000019aa295c210 ConcurrentGCThread "G1 Service" [stack: 0x00000014d4b00000,0x00000014d4c00000] [id=18724]

Threads with active compile tasks:

VM state: at safepoint (normal execution)

VM Mutex/Monitor currently owned by a thread:  ([mutex/lock_event])
[0x0000019aa2899a40] Threads_lock - owner thread: 0x0000019ac50559e0
[0x0000019aa2899800] Heap_lock - owner thread: 0x0000019af1331400

Heap address: 0x0000000740000000, size: 3072 MB, Compressed Oops mode: Zero based, Oop shift amount: 3

CDS archive(s) mapped at: [0x0000019ac6000000-0x0000019ac6bd0000-0x0000019ac6bd0000), size 12386304, SharedBaseAddress: 0x0000019ac6000000, ArchiveRelocationMode: 1.
Compressed class space mapped at: 0x0000019ac7000000-0x0000019ae1000000, reserved size: 436207616
Narrow klass base: 0x0000019ac6000000, Narrow klass shift: 0, Narrow klass range: 0x100000000

GC Precious Log:
 CPUs: 8 total, 8 available
 Memory: 16157M
 Large Page Support: Disabled
 NUMA Support: Disabled
 Compressed Oops: Enabled (Zero based)
 Heap Region Size: 2M
 Heap Min Capacity: 8M
 Heap Initial Capacity: 254M
 Heap Max Capacity: 3G
 Pre-touch: Disabled
 Parallel Workers: 8
 Concurrent Workers: 2
 Concurrent Refinement Workers: 8
 Periodic GC: Disabled

Heap:
 garbage-first heap   total 714752K, used 400071K [0x0000000740000000, 0x0000000800000000)
  region size 2048K, 6 young (12288K), 6 survivors (12288K)
 Metaspace       used 161756K, committed 164096K, reserved 622592K
  class space    used 22635K, committed 23680K, reserved 425984K

Heap Regions: E=young(eden), S=young(survivor), O=old, HS=humongous(starts), HC=humongous(continues), CS=collection set, F=free, OA=open archive, CA=closed archive, TAMS=top-at-mark-start (previous, next)
|   0|0x0000000740000000, 0x0000000740200000, 0x0000000740200000|100%|HS|  |TAMS 0x0000000740200000, 0x0000000740000000| Complete 
|   1|0x0000000740200000, 0x0000000740400000, 0x0000000740400000|100%|HC|  |TAMS 0x0000000740400000, 0x0000000740200000| Complete 
|   2|0x0000000740400000, 0x0000000740600000, 0x0000000740600000|100%| O|  |TAMS 0x0000000740600000, 0x0000000740400000| Untracked 
|   3|0x0000000740600000, 0x0000000740800000, 0x0000000740800000|100%| O|  |TAMS 0x0000000740800000, 0x0000000740600000| Untracked 
|   4|0x0000000740800000, 0x0000000740a00000, 0x0000000740a00000|100%| O|  |TAMS 0x0000000740a00000, 0x0000000740800000| Untracked 
|   5|0x0000000740a00000, 0x0000000740c00000, 0x0000000740c00000|100%| O|  |TAMS 0x0000000740c00000, 0x0000000740a00000| Untracked 
|   6|0x0000000740c00000, 0x0000000740e00000, 0x0000000740e00000|100%| O|  |TAMS 0x0000000740e00000, 0x0000000740c00000| Untracked 
|   7|0x0000000740e00000, 0x0000000741000000, 0x0000000741000000|100%| O|  |TAMS 0x0000000741000000, 0x0000000740e00000| Untracked 
|   8|0x0000000741000000, 0x0000000741200000, 0x0000000741200000|100%| O|  |TAMS 0x0000000741200000, 0x0000000741000000| Untracked 
|   9|0x0000000741200000, 0x0000000741400000, 0x0000000741400000|100%| O|  |TAMS 0x0000000741400000, 0x0000000741200000| Untracked 
|  10|0x0000000741400000, 0x0000000741600000, 0x0000000741600000|100%| O|  |TAMS 0x0000000741600000, 0x0000000741400000| Untracked 
|  11|0x0000000741600000, 0x0000000741800000, 0x0000000741800000|100%| O|  |TAMS 0x0000000741800000, 0x0000000741600000| Untracked 
|  12|0x0000000741800000, 0x0000000741a00000, 0x0000000741a00000|100%| O|  |TAMS 0x0000000741a00000, 0x0000000741800000| Untracked 
|  13|0x0000000741a00000, 0x0000000741c00000, 0x0000000741c00000|100%| O|  |TAMS 0x0000000741c00000, 0x0000000741a00000| Untracked 
|  14|0x0000000741c00000, 0x0000000741e00000, 0x0000000741e00000|100%| O|  |TAMS 0x0000000741e00000, 0x0000000741c00000| Untracked 
|  15|0x0000000741e00000, 0x0000000742000000, 0x0000000742000000|100%| O|  |TAMS 0x0000000742000000, 0x0000000741e00000| Untracked 
|  16|0x0000000742000000, 0x0000000742200000, 0x0000000742200000|100%| O|  |TAMS 0x0000000742200000, 0x0000000742000000| Untracked 
|  17|0x0000000742200000, 0x0000000742400000, 0x0000000742400000|100%|HS|  |TAMS 0x0000000742400000, 0x0000000742200000| Complete 
|  18|0x0000000742400000, 0x0000000742600000, 0x0000000742600000|100%|HS|  |TAMS 0x0000000742600000, 0x0000000742400000| Complete 
|  19|0x0000000742600000, 0x0000000742800000, 0x0000000742800000|100%| O|  |TAMS 0x0000000742800000, 0x0000000742600000| Untracked 
|  20|0x0000000742800000, 0x0000000742a00000, 0x0000000742a00000|100%| O|  |TAMS 0x0000000742a00000, 0x0000000742800000| Untracked 
|  21|0x0000000742a00000, 0x0000000742c00000, 0x0000000742c00000|100%| O|  |TAMS 0x0000000742c00000, 0x0000000742a00000| Untracked 
|  22|0x0000000742c00000, 0x0000000742e00000, 0x0000000742e00000|100%| O|  |TAMS 0x0000000742e00000, 0x0000000742c00000| Untracked 
|  23|0x0000000742e00000, 0x0000000743000000, 0x0000000743000000|100%| O|  |TAMS 0x0000000743000000, 0x0000000742e00000| Untracked 
|  24|0x0000000743000000, 0x0000000743200000, 0x0000000743200000|100%| O|  |TAMS 0x0000000743200000, 0x0000000743000000| Untracked 
|  25|0x0000000743200000, 0x0000000743400000, 0x0000000743400000|100%| O|  |TAMS 0x0000000743400000, 0x0000000743200000| Untracked 
|  26|0x0000000743400000, 0x0000000743600000, 0x0000000743600000|100%| O|  |TAMS 0x0000000743600000, 0x0000000743400000| Untracked 
|  27|0x0000000743600000, 0x0000000743800000, 0x0000000743800000|100%| O|  |TAMS 0x0000000743800000, 0x0000000743600000| Untracked 
|  28|0x0000000743800000, 0x0000000743800000, 0x0000000743a00000|  0%| F|  |TAMS 0x0000000743800000, 0x0000000743800000| Untracked 
|  29|0x0000000743a00000, 0x0000000743c00000, 0x0000000743c00000|100%| O|  |TAMS 0x0000000743c00000, 0x0000000743a00000| Untracked 
|  30|0x0000000743c00000, 0x0000000743e00000, 0x0000000743e00000|100%| O|  |TAMS 0x0000000743e00000, 0x0000000743c00000| Untracked 
|  31|0x0000000743e00000, 0x0000000744000000, 0x0000000744000000|100%| O|  |TAMS 0x0000000744000000, 0x0000000743e00000| Untracked 
|  32|0x0000000744000000, 0x0000000744200000, 0x0000000744200000|100%| O|  |TAMS 0x0000000744200000, 0x0000000744000000| Untracked 
|  33|0x0000000744200000, 0x0000000744400000, 0x0000000744400000|100%|HS|  |TAMS 0x0000000744400000, 0x0000000744200000| Complete 
|  34|0x0000000744400000, 0x0000000744600000, 0x0000000744600000|100%| O|  |TAMS 0x0000000744600000, 0x0000000744400000| Untracked 
|  35|0x0000000744600000, 0x0000000744800000, 0x0000000744800000|100%| O|  |TAMS 0x0000000744800000, 0x0000000744600000| Untracked 
|  36|0x0000000744800000, 0x0000000744a00000, 0x0000000744a00000|100%| O|  |TAMS 0x0000000744a00000, 0x0000000744800000| Untracked 
|  37|0x0000000744a00000, 0x0000000744c00000, 0x0000000744c00000|100%| O|  |TAMS 0x0000000744c00000, 0x0000000744a00000| Untracked 
|  38|0x0000000744c00000, 0x0000000744e00000, 0x0000000744e00000|100%| O|  |TAMS 0x0000000744e00000, 0x0000000744c00000| Untracked 
|  39|0x0000000744e00000, 0x0000000745000000, 0x0000000745000000|100%| O|  |TAMS 0x0000000745000000, 0x0000000744e00000| Untracked 
|  40|0x0000000745000000, 0x0000000745200000, 0x0000000745200000|100%| O|  |TAMS 0x0000000745200000, 0x0000000745000000| Untracked 
|  41|0x0000000745200000, 0x0000000745400000, 0x0000000745400000|100%| O|  |TAMS 0x0000000745400000, 0x0000000745200000| Untracked 
|  42|0x0000000745400000, 0x0000000745600000, 0x0000000745600000|100%| O|  |TAMS 0x0000000745600000, 0x0000000745400000| Untracked 
|  43|0x0000000745600000, 0x0000000745800000, 0x0000000745800000|100%| O|  |TAMS 0x0000000745800000, 0x0000000745600000| Untracked 
|  44|0x0000000745800000, 0x0000000745a00000, 0x0000000745a00000|100%| O|  |TAMS 0x0000000745a00000, 0x0000000745800000| Untracked 
|  45|0x0000000745a00000, 0x0000000745c00000, 0x0000000745c00000|100%| O|  |TAMS 0x0000000745c00000, 0x0000000745a00000| Untracked 
|  46|0x0000000745c00000, 0x0000000745e00000, 0x0000000745e00000|100%| O|  |TAMS 0x0000000745e00000, 0x0000000745c00000| Untracked 
|  47|0x0000000745e00000, 0x0000000746000000, 0x0000000746000000|100%| O|  |TAMS 0x0000000746000000, 0x0000000745e00000| Untracked 
|  48|0x0000000746000000, 0x0000000746200000, 0x0000000746200000|100%|HS|  |TAMS 0x0000000746200000, 0x0000000746000000| Complete 
|  49|0x0000000746200000, 0x0000000746400000, 0x0000000746400000|100%| O|  |TAMS 0x0000000746400000, 0x0000000746200000| Untracked 
|  50|0x0000000746400000, 0x0000000746600000, 0x0000000746600000|100%| O|  |TAMS 0x0000000746600000, 0x0000000746400000| Untracked 
|  51|0x0000000746600000, 0x0000000746800000, 0x0000000746800000|100%| O|  |TAMS 0x0000000746800000, 0x0000000746600000| Untracked 
|  52|0x0000000746800000, 0x0000000746a00000, 0x0000000746a00000|100%| O|  |TAMS 0x0000000746a00000, 0x0000000746800000| Untracked 
|  53|0x0000000746a00000, 0x0000000746c00000, 0x0000000746c00000|100%| O|  |TAMS 0x0000000746c00000, 0x0000000746a00000| Untracked 
|  54|0x0000000746c00000, 0x0000000746e00000, 0x0000000746e00000|100%| O|  |TAMS 0x0000000746c00000, 0x0000000746c00000| Untracked 
|  55|0x0000000746e00000, 0x0000000747000000, 0x0000000747000000|100%| O|  |TAMS 0x0000000747000000, 0x0000000746e00000| Untracked 
|  56|0x0000000747000000, 0x0000000747200000, 0x0000000747200000|100%| O|  |TAMS 0x0000000747200000, 0x0000000747000000| Untracked 
|  57|0x0000000747200000, 0x0000000747400000, 0x0000000747400000|100%| O|  |TAMS 0x0000000747400000, 0x0000000747200000| Untracked 
|  58|0x0000000747400000, 0x0000000747600000, 0x0000000747600000|100%| O|  |TAMS 0x0000000747400000, 0x0000000747400000| Untracked 
|  59|0x0000000747600000, 0x0000000747800000, 0x0000000747800000|100%| O|  |TAMS 0x0000000747800000, 0x0000000747600000| Untracked 
|  60|0x0000000747800000, 0x0000000747a00000, 0x0000000747a00000|100%| O|  |TAMS 0x0000000747a00000, 0x0000000747800000| Untracked 
|  61|0x0000000747a00000, 0x0000000747a00000, 0x0000000747c00000|  0%| F|  |TAMS 0x0000000747a00000, 0x0000000747a00000| Untracked 
|  62|0x0000000747c00000, 0x0000000747e00000, 0x0000000747e00000|100%| O|  |TAMS 0x0000000747e00000, 0x0000000747c00000| Untracked 
|  63|0x0000000747e00000, 0x0000000748000000, 0x0000000748000000|100%| O|  |TAMS 0x0000000748000000, 0x0000000747e00000| Untracked 
|  64|0x0000000748000000, 0x0000000748200000, 0x0000000748200000|100%| O|  |TAMS 0x0000000748200000, 0x0000000748000000| Untracked 
|  65|0x0000000748200000, 0x0000000748400000, 0x0000000748400000|100%| O|  |TAMS 0x0000000748400000, 0x0000000748200000| Untracked 
|  66|0x0000000748400000, 0x0000000748400000, 0x0000000748600000|  0%| F|  |TAMS 0x0000000748400000, 0x0000000748400000| Untracked 
|  67|0x0000000748600000, 0x0000000748800000, 0x0000000748800000|100%|HS|  |TAMS 0x0000000748800000, 0x0000000748600000| Complete 
|  68|0x0000000748800000, 0x0000000748a00000, 0x0000000748a00000|100%| O|  |TAMS 0x0000000748a00000, 0x0000000748800000| Untracked 
|  69|0x0000000748a00000, 0x0000000748c00000, 0x0000000748c00000|100%| O|  |TAMS 0x0000000748c00000, 0x0000000748a00000| Untracked 
|  70|0x0000000748c00000, 0x0000000748e00000, 0x0000000748e00000|100%| O|  |TAMS 0x0000000748e00000, 0x0000000748c00000| Untracked 
|  71|0x0000000748e00000, 0x0000000749000000, 0x0000000749000000|100%| O|  |TAMS 0x0000000749000000, 0x0000000748e00000| Untracked 
|  72|0x0000000749000000, 0x0000000749200000, 0x0000000749200000|100%| O|  |TAMS 0x0000000749200000, 0x0000000749000000| Untracked 
|  73|0x0000000749200000, 0x0000000749400000, 0x0000000749400000|100%| O|  |TAMS 0x0000000749400000, 0x0000000749200000| Untracked 
|  74|0x0000000749400000, 0x0000000749600000, 0x0000000749600000|100%| O|  |TAMS 0x0000000749600000, 0x0000000749400000| Untracked 
|  75|0x0000000749600000, 0x0000000749800000, 0x0000000749800000|100%| O|  |TAMS 0x0000000749800000, 0x0000000749600000| Untracked 
|  76|0x0000000749800000, 0x0000000749a00000, 0x0000000749a00000|100%| O|  |TAMS 0x0000000749a00000, 0x0000000749800000| Untracked 
|  77|0x0000000749a00000, 0x0000000749c00000, 0x0000000749c00000|100%| O|  |TAMS 0x0000000749c00000, 0x0000000749a00000| Untracked 
|  78|0x0000000749c00000, 0x0000000749e00000, 0x0000000749e00000|100%| O|  |TAMS 0x0000000749e00000, 0x0000000749c00000| Untracked 
|  79|0x0000000749e00000, 0x000000074a000000, 0x000000074a000000|100%| O|  |TAMS 0x000000074a000000, 0x0000000749e00000| Untracked 
|  80|0x000000074a000000, 0x000000074a200000, 0x000000074a200000|100%| O|  |TAMS 0x000000074a200000, 0x000000074a000000| Untracked 
|  81|0x000000074a200000, 0x000000074a400000, 0x000000074a400000|100%| O|  |TAMS 0x000000074a400000, 0x000000074a200000| Untracked 
|  82|0x000000074a400000, 0x000000074a600000, 0x000000074a600000|100%| O|  |TAMS 0x000000074a600000, 0x000000074a400000| Untracked 
|  83|0x000000074a600000, 0x000000074a800000, 0x000000074a800000|100%| O|  |TAMS 0x000000074a800000, 0x000000074a600000| Untracked 
|  84|0x000000074a800000, 0x000000074aa00000, 0x000000074aa00000|100%| O|  |TAMS 0x000000074aa00000, 0x000000074a800000| Untracked 
|  85|0x000000074aa00000, 0x000000074ac00000, 0x000000074ac00000|100%| O|  |TAMS 0x000000074ac00000, 0x000000074aa00000| Untracked 
|  86|0x000000074ac00000, 0x000000074ae00000, 0x000000074ae00000|100%| O|  |TAMS 0x000000074ae00000, 0x000000074ac00000| Untracked 
|  87|0x000000074ae00000, 0x000000074b000000, 0x000000074b000000|100%| O|  |TAMS 0x000000074b000000, 0x000000074ae00000| Untracked 
|  88|0x000000074b000000, 0x000000074b200000, 0x000000074b200000|100%| O|  |TAMS 0x000000074b200000, 0x000000074b000000| Untracked 
|  89|0x000000074b200000, 0x000000074b400000, 0x000000074b400000|100%| O|  |TAMS 0x000000074b400000, 0x000000074b200000| Untracked 
|  90|0x000000074b400000, 0x000000074b600000, 0x000000074b600000|100%| O|  |TAMS 0x000000074b600000, 0x000000074b400000| Untracked 
|  91|0x000000074b600000, 0x000000074b800000, 0x000000074b800000|100%| O|  |TAMS 0x000000074b800000, 0x000000074b600000| Untracked 
|  92|0x000000074b800000, 0x000000074ba00000, 0x000000074ba00000|100%| O|  |TAMS 0x000000074ba00000, 0x000000074b800000| Untracked 
|  93|0x000000074ba00000, 0x000000074bc00000, 0x000000074bc00000|100%| O|  |TAMS 0x000000074ba00000, 0x000000074ba00000| Untracked 
|  94|0x000000074bc00000, 0x000000074be00000, 0x000000074be00000|100%| O|  |TAMS 0x000000074bc00000, 0x000000074bc00000| Untracked 
|  95|0x000000074be00000, 0x000000074c000000, 0x000000074c000000|100%| O|  |TAMS 0x000000074c000000, 0x000000074be00000| Untracked 
|  96|0x000000074c000000, 0x000000074c000000, 0x000000074c200000|  0%| F|  |TAMS 0x000000074c000000, 0x000000074c000000| Untracked 
|  97|0x000000074c200000, 0x000000074c200000, 0x000000074c400000|  0%| F|  |TAMS 0x000000074c200000, 0x000000074c200000| Untracked 
|  98|0x000000074c400000, 0x000000074c400000, 0x000000074c600000|  0%| F|  |TAMS 0x000000074c400000, 0x000000074c400000| Untracked 
|  99|0x000000074c600000, 0x000000074c600000, 0x000000074c800000|  0%| F|  |TAMS 0x000000074c600000, 0x000000074c600000| Untracked 
| 100|0x000000074c800000, 0x000000074ca00000, 0x000000074ca00000|100%| O|  |TAMS 0x000000074c800000, 0x000000074c800000| Untracked 
| 101|0x000000074ca00000, 0x000000074cc00000, 0x000000074cc00000|100%|HS|  |TAMS 0x000000074cc00000, 0x000000074ca00000| Complete 
| 102|0x000000074cc00000, 0x000000074ce00000, 0x000000074ce00000|100%|HC|  |TAMS 0x000000074ce00000, 0x000000074cc00000| Complete 
| 103|0x000000074ce00000, 0x000000074d000000, 0x000000074d000000|100%|HC|  |TAMS 0x000000074d000000, 0x000000074ce00000| Complete 
| 104|0x000000074d000000, 0x000000074d200000, 0x000000074d200000|100%|HC|  |TAMS 0x000000074d200000, 0x000000074d000000| Complete 
| 105|0x000000074d200000, 0x000000074d400000, 0x000000074d400000|100%| O|  |TAMS 0x000000074d400000, 0x000000074d200000| Untracked 
| 106|0x000000074d400000, 0x000000074d600000, 0x000000074d600000|100%| O|  |TAMS 0x000000074d600000, 0x000000074d400000| Untracked 
| 107|0x000000074d600000, 0x000000074d800000, 0x000000074d800000|100%| O|  |TAMS 0x000000074d800000, 0x000000074d600000| Untracked 
| 108|0x000000074d800000, 0x000000074da00000, 0x000000074da00000|100%| O|  |TAMS 0x000000074da00000, 0x000000074d800000| Untracked 
| 109|0x000000074da00000, 0x000000074dc00000, 0x000000074dc00000|100%| O|  |TAMS 0x000000074dc00000, 0x000000074da00000| Untracked 
| 110|0x000000074dc00000, 0x000000074de00000, 0x000000074de00000|100%| O|  |TAMS 0x000000074de00000, 0x000000074dc00000| Untracked 
| 111|0x000000074de00000, 0x000000074e000000, 0x000000074e000000|100%| O|  |TAMS 0x000000074e000000, 0x000000074de00000| Untracked 
| 112|0x000000074e000000, 0x000000074e200000, 0x000000074e200000|100%| O|  |TAMS 0x000000074e200000, 0x000000074e000000| Untracked 
| 113|0x000000074e200000, 0x000000074e200000, 0x000000074e400000|  0%| F|  |TAMS 0x000000074e200000, 0x000000074e200000| Untracked 
| 114|0x000000074e400000, 0x000000074e400000, 0x000000074e600000|  0%| F|  |TAMS 0x000000074e400000, 0x000000074e400000| Untracked 
| 115|0x000000074e600000, 0x000000074e800000, 0x000000074e800000|100%| O|  |TAMS 0x000000074e600000, 0x000000074e600000| Untracked 
| 116|0x000000074e800000, 0x000000074ea00000, 0x000000074ea00000|100%| O|  |TAMS 0x000000074e800000, 0x000000074e800000| Untracked 
| 117|0x000000074ea00000, 0x000000074ec00000, 0x000000074ec00000|100%| O|  |TAMS 0x000000074ea00000, 0x000000074ea00000| Untracked 
| 118|0x000000074ec00000, 0x000000074ee00000, 0x000000074ee00000|100%| O|  |TAMS 0x000000074ec00000, 0x000000074ec00000| Untracked 
| 119|0x000000074ee00000, 0x000000074ee00000, 0x000000074f000000|  0%| F|  |TAMS 0x000000074ee00000, 0x000000074ee00000| Untracked 
| 120|0x000000074f000000, 0x000000074f200000, 0x000000074f200000|100%| O|  |TAMS 0x000000074f000000, 0x000000074f000000| Untracked 
| 121|0x000000074f200000, 0x000000074f200000, 0x000000074f400000|  0%| F|  |TAMS 0x000000074f200000, 0x000000074f200000| Untracked 
| 122|0x000000074f400000, 0x000000074f600000, 0x000000074f600000|100%| O|  |TAMS 0x000000074f400000, 0x000000074f400000| Untracked 
| 123|0x000000074f600000, 0x000000074f600000, 0x000000074f800000|  0%| F|  |TAMS 0x000000074f600000, 0x000000074f600000| Untracked 
| 124|0x000000074f800000, 0x000000074f800000, 0x000000074fa00000|  0%| F|  |TAMS 0x000000074f800000, 0x000000074f800000| Untracked 
| 125|0x000000074fa00000, 0x000000074fc00000, 0x000000074fc00000|100%| O|  |TAMS 0x000000074fa00000, 0x000000074fa00000| Untracked 
| 126|0x000000074fc00000, 0x000000074fe00000, 0x000000074fe00000|100%| O|  |TAMS 0x000000074fc00000, 0x000000074fc00000| Untracked 
| 127|0x000000074fe00000, 0x000000074fe00000, 0x0000000750000000|  0%| F|  |TAMS 0x000000074fe00000, 0x000000074fe00000| Untracked 
| 128|0x0000000750000000, 0x0000000750200000, 0x0000000750200000|100%| O|  |TAMS 0x0000000750000000, 0x0000000750000000| Untracked 
| 129|0x0000000750200000, 0x0000000750400000, 0x0000000750400000|100%| O|  |TAMS 0x0000000750200000, 0x0000000750200000| Untracked 
| 130|0x0000000750400000, 0x0000000750600000, 0x0000000750600000|100%| O|  |TAMS 0x0000000750400000, 0x0000000750400000| Untracked 
| 131|0x0000000750600000, 0x0000000750800000, 0x0000000750800000|100%| O|  |TAMS 0x0000000750800000, 0x0000000750600000| Untracked 
| 132|0x0000000750800000, 0x0000000750a00000, 0x0000000750a00000|100%|HS|  |TAMS 0x0000000750a00000, 0x0000000750800000| Complete 
| 133|0x0000000750a00000, 0x0000000750c00000, 0x0000000750c00000|100%| O|  |TAMS 0x0000000750c00000, 0x0000000750a00000| Untracked 
| 134|0x0000000750c00000, 0x0000000750e00000, 0x0000000750e00000|100%|HS|  |TAMS 0x0000000750e00000, 0x0000000750c00000| Complete 
| 135|0x0000000750e00000, 0x0000000751000000, 0x0000000751000000|100%|HC|  |TAMS 0x0000000751000000, 0x0000000750e00000| Complete 
| 136|0x0000000751000000, 0x0000000751200000, 0x0000000751200000|100%|HS|  |TAMS 0x0000000751200000, 0x0000000751000000| Complete 
| 137|0x0000000751200000, 0x0000000751400000, 0x0000000751400000|100%|HS|  |TAMS 0x0000000751400000, 0x0000000751200000| Complete 
| 138|0x0000000751400000, 0x0000000751600000, 0x0000000751600000|100%|HS|  |TAMS 0x0000000751600000, 0x0000000751400000| Complete 
| 139|0x0000000751600000, 0x0000000751800000, 0x0000000751800000|100%|HS|  |TAMS 0x0000000751800000, 0x0000000751600000| Complete 
| 140|0x0000000751800000, 0x0000000751a00000, 0x0000000751a00000|100%|HS|  |TAMS 0x0000000751a00000, 0x0000000751800000| Complete 
| 141|0x0000000751a00000, 0x0000000751c00000, 0x0000000751c00000|100%|HC|  |TAMS 0x0000000751c00000, 0x0000000751a00000| Complete 
| 142|0x0000000751c00000, 0x0000000751e00000, 0x0000000751e00000|100%| O|  |TAMS 0x0000000751e00000, 0x0000000751c00000| Untracked 
| 143|0x0000000751e00000, 0x0000000752000000, 0x0000000752000000|100%| O|  |TAMS 0x0000000752000000, 0x0000000751e00000| Untracked 
| 144|0x0000000752000000, 0x0000000752200000, 0x0000000752200000|100%| O|  |TAMS 0x0000000752200000, 0x0000000752000000| Untracked 
| 145|0x0000000752200000, 0x0000000752400000, 0x0000000752400000|100%| O|  |TAMS 0x0000000752200000, 0x0000000752200000| Untracked 
| 146|0x0000000752400000, 0x0000000752600000, 0x0000000752600000|100%| O|  |TAMS 0x0000000752400000, 0x0000000752400000| Untracked 
| 147|0x0000000752600000, 0x0000000752800000, 0x0000000752800000|100%| O|  |TAMS 0x0000000752800000, 0x0000000752600000| Untracked 
| 148|0x0000000752800000, 0x0000000752908c00, 0x0000000752a00000| 51%| O|  |TAMS 0x0000000752800000, 0x0000000752800000| Untracked 
| 149|0x0000000752a00000, 0x0000000752a00000, 0x0000000752c00000|  0%| F|  |TAMS 0x0000000752a00000, 0x0000000752a00000| Untracked 
| 150|0x0000000752c00000, 0x0000000752c00000, 0x0000000752e00000|  0%| F|  |TAMS 0x0000000752c00000, 0x0000000752c00000| Untracked 
| 151|0x0000000752e00000, 0x0000000753000000, 0x0000000753000000|100%| O|  |TAMS 0x0000000753000000, 0x0000000752e00000| Untracked 
| 152|0x0000000753000000, 0x0000000753000000, 0x0000000753200000|  0%| F|  |TAMS 0x0000000753000000, 0x0000000753000000| Untracked 
| 153|0x0000000753200000, 0x0000000753400000, 0x0000000753400000|100%| O|  |TAMS 0x0000000753400000, 0x0000000753200000| Untracked 
| 154|0x0000000753400000, 0x0000000753400000, 0x0000000753600000|  0%| F|  |TAMS 0x0000000753400000, 0x0000000753400000| Untracked 
| 155|0x0000000753600000, 0x0000000753800000, 0x0000000753800000|100%| O|  |TAMS 0x0000000753800000, 0x0000000753600000| Untracked 
| 156|0x0000000753800000, 0x0000000753a00000, 0x0000000753a00000|100%| O|  |TAMS 0x0000000753a00000, 0x0000000753800000| Untracked 
| 157|0x0000000753a00000, 0x0000000753c00000, 0x0000000753c00000|100%| O|  |TAMS 0x0000000753c00000, 0x0000000753a00000| Untracked 
| 158|0x0000000753c00000, 0x0000000753c00000, 0x0000000753e00000|  0%| F|  |TAMS 0x0000000753c00000, 0x0000000753c00000| Untracked 
| 159|0x0000000753e00000, 0x0000000753e00000, 0x0000000754000000|  0%| F|  |TAMS 0x0000000753e00000, 0x0000000753e00000| Untracked 
| 160|0x0000000754000000, 0x0000000754200000, 0x0000000754200000|100%| O|  |TAMS 0x0000000754200000, 0x0000000754000000| Untracked 
| 161|0x0000000754200000, 0x0000000754200000, 0x0000000754400000|  0%| F|  |TAMS 0x0000000754200000, 0x0000000754200000| Untracked 
| 162|0x0000000754400000, 0x0000000754600000, 0x0000000754600000|100%| O|  |TAMS 0x0000000754600000, 0x0000000754400000| Untracked 
| 163|0x0000000754600000, 0x0000000754600000, 0x0000000754800000|  0%| F|  |TAMS 0x0000000754600000, 0x0000000754600000| Untracked 
| 164|0x0000000754800000, 0x0000000754800000, 0x0000000754a00000|  0%| F|  |TAMS 0x0000000754800000, 0x0000000754800000| Untracked 
| 165|0x0000000754a00000, 0x0000000754a00000, 0x0000000754c00000|  0%| F|  |TAMS 0x0000000754a00000, 0x0000000754a00000| Untracked 
| 166|0x0000000754c00000, 0x0000000754c00000, 0x0000000754e00000|  0%| F|  |TAMS 0x0000000754c00000, 0x0000000754c00000| Untracked 
| 167|0x0000000754e00000, 0x0000000754e00000, 0x0000000755000000|  0%| F|  |TAMS 0x0000000754e00000, 0x0000000754e00000| Untracked 
| 168|0x0000000755000000, 0x0000000755200000, 0x0000000755200000|100%| O|  |TAMS 0x0000000755200000, 0x0000000755000000| Untracked 
| 169|0x0000000755200000, 0x0000000755400000, 0x0000000755400000|100%| O|  |TAMS 0x0000000755400000, 0x0000000755200000| Untracked 
| 170|0x0000000755400000, 0x0000000755600000, 0x0000000755600000|100%| O|  |TAMS 0x0000000755600000, 0x0000000755400000| Untracked 
| 171|0x0000000755600000, 0x0000000755800000, 0x0000000755800000|100%| O|  |TAMS 0x0000000755800000, 0x0000000755600000| Untracked 
| 172|0x0000000755800000, 0x0000000755a00000, 0x0000000755a00000|100%| O|  |TAMS 0x0000000755a00000, 0x0000000755800000| Untracked 
| 173|0x0000000755a00000, 0x0000000755a00000, 0x0000000755c00000|  0%| F|  |TAMS 0x0000000755a00000, 0x0000000755a00000| Untracked 
| 174|0x0000000755c00000, 0x0000000755e00000, 0x0000000755e00000|100%| O|  |TAMS 0x0000000755e00000, 0x0000000755c00000| Untracked 
| 175|0x0000000755e00000, 0x0000000756000000, 0x0000000756000000|100%| O|  |TAMS 0x0000000756000000, 0x0000000755e00000| Untracked 
| 176|0x0000000756000000, 0x0000000756200000, 0x0000000756200000|100%| O|  |TAMS 0x0000000756200000, 0x0000000756000000| Untracked 
| 177|0x0000000756200000, 0x0000000756400000, 0x0000000756400000|100%| O|  |TAMS 0x0000000756400000, 0x0000000756200000| Untracked 
| 178|0x0000000756400000, 0x0000000756600000, 0x0000000756600000|100%|HS|  |TAMS 0x0000000756600000, 0x0000000756400000| Complete 
| 179|0x0000000756600000, 0x0000000756800000, 0x0000000756800000|100%| O|  |TAMS 0x0000000756600000, 0x0000000756600000| Untracked 
| 180|0x0000000756800000, 0x0000000756a00000, 0x0000000756a00000|100%| O|  |TAMS 0x0000000756800000, 0x0000000756800000| Untracked 
| 181|0x0000000756a00000, 0x0000000756c00000, 0x0000000756c00000|100%| O|  |TAMS 0x0000000756a00000, 0x0000000756a00000| Untracked 
| 182|0x0000000756c00000, 0x0000000756e00000, 0x0000000756e00000|100%| O|  |TAMS 0x0000000756c00000, 0x0000000756c00000| Untracked 
| 183|0x0000000756e00000, 0x0000000757000000, 0x0000000757000000|100%| O|  |TAMS 0x0000000756e00000, 0x0000000756e00000| Untracked 
| 184|0x0000000757000000, 0x0000000757200000, 0x0000000757200000|100%| O|  |TAMS 0x0000000757000000, 0x0000000757000000| Untracked 
| 185|0x0000000757200000, 0x0000000757400000, 0x0000000757400000|100%| O|  |TAMS 0x0000000757200000, 0x0000000757200000| Untracked 
| 186|0x0000000757400000, 0x0000000757600000, 0x0000000757600000|100%| O|  |TAMS 0x0000000757400000, 0x0000000757400000| Untracked 
| 187|0x0000000757600000, 0x0000000757800000, 0x0000000757800000|100%| O|  |TAMS 0x0000000757600000, 0x0000000757600000| Untracked 
| 188|0x0000000757800000, 0x0000000757a00000, 0x0000000757a00000|100%| O|  |TAMS 0x0000000757800000, 0x0000000757800000| Untracked 
| 189|0x0000000757a00000, 0x0000000757c00000, 0x0000000757c00000|100%| O|  |TAMS 0x0000000757a00000, 0x0000000757a00000| Untracked 
| 190|0x0000000757c00000, 0x0000000757e00000, 0x0000000757e00000|100%| O|  |TAMS 0x0000000757c00000, 0x0000000757c00000| Untracked 
| 191|0x0000000757e00000, 0x0000000758000000, 0x0000000758000000|100%| O|  |TAMS 0x0000000757e00000, 0x0000000757e00000| Untracked 
| 192|0x0000000758000000, 0x0000000758200000, 0x0000000758200000|100%| O|  |TAMS 0x0000000758200000, 0x0000000758000000| Untracked 
| 193|0x0000000758200000, 0x0000000758400000, 0x0000000758400000|100%| O|  |TAMS 0x0000000758400000, 0x0000000758200000| Untracked 
| 194|0x0000000758400000, 0x0000000758600000, 0x0000000758600000|100%| O|  |TAMS 0x0000000758600000, 0x0000000758400000| Untracked 
| 195|0x0000000758600000, 0x0000000758800000, 0x0000000758800000|100%| O|  |TAMS 0x0000000758800000, 0x0000000758600000| Untracked 
| 196|0x0000000758800000, 0x0000000758a00000, 0x0000000758a00000|100%| O|  |TAMS 0x0000000758a00000, 0x0000000758800000| Untracked 
| 197|0x0000000758a00000, 0x0000000758c00000, 0x0000000758c00000|100%| O|  |TAMS 0x0000000758a00000, 0x0000000758a00000| Untracked 
| 198|0x0000000758c00000, 0x0000000758e00000, 0x0000000758e00000|100%| O|  |TAMS 0x0000000758e00000, 0x0000000758c00000| Untracked 
| 199|0x0000000758e00000, 0x0000000759000000, 0x0000000759000000|100%| O|  |TAMS 0x0000000759000000, 0x0000000758e00000| Untracked 
| 200|0x0000000759000000, 0x0000000759200000, 0x0000000759200000|100%| O|  |TAMS 0x0000000759200000, 0x0000000759000000| Untracked 
| 201|0x0000000759200000, 0x0000000759400000, 0x0000000759400000|100%| O|  |TAMS 0x0000000759400000, 0x0000000759200000| Untracked 
| 202|0x0000000759400000, 0x0000000759600000, 0x0000000759600000|100%| O|  |TAMS 0x0000000759600000, 0x0000000759400000| Untracked 
| 203|0x0000000759600000, 0x0000000759800000, 0x0000000759800000|100%| O|  |TAMS 0x0000000759800000, 0x0000000759600000| Untracked 
| 204|0x0000000759800000, 0x0000000759a00000, 0x0000000759a00000|100%| O|  |TAMS 0x0000000759a00000, 0x0000000759800000| Untracked 
| 205|0x0000000759a00000, 0x0000000759c00000, 0x0000000759c00000|100%| O|  |TAMS 0x0000000759c00000, 0x0000000759a00000| Untracked 
| 206|0x0000000759c00000, 0x0000000759e00000, 0x0000000759e00000|100%| O|  |TAMS 0x0000000759e00000, 0x0000000759c00000| Untracked 
| 207|0x0000000759e00000, 0x000000075a000000, 0x000000075a000000|100%| O|  |TAMS 0x0000000759ea1400, 0x0000000759e00000| Untracked 
| 208|0x000000075a000000, 0x000000075a200000, 0x000000075a200000|100%| O|  |TAMS 0x000000075a000000, 0x000000075a000000| Untracked 
| 209|0x000000075a200000, 0x000000075a400000, 0x000000075a400000|100%| O|  |TAMS 0x000000075a200000, 0x000000075a200000| Untracked 
| 210|0x000000075a400000, 0x000000075a600000, 0x000000075a600000|100%| O|  |TAMS 0x000000075a400000, 0x000000075a400000| Untracked 
| 211|0x000000075a600000, 0x000000075a800000, 0x000000075a800000|100%| O|  |TAMS 0x000000075a600000, 0x000000075a600000| Untracked 
| 212|0x000000075a800000, 0x000000075aa00000, 0x000000075aa00000|100%| O|  |TAMS 0x000000075a800000, 0x000000075a800000| Untracked 
| 213|0x000000075aa00000, 0x000000075ac00000, 0x000000075ac00000|100%| O|  |TAMS 0x000000075aa00000, 0x000000075aa00000| Untracked 
| 214|0x000000075ac00000, 0x000000075ae00000, 0x000000075ae00000|100%| O|  |TAMS 0x000000075ac00000, 0x000000075ac00000| Untracked 
| 215|0x000000075ae00000, 0x000000075b000000, 0x000000075b000000|100%| O|  |TAMS 0x000000075ae00000, 0x000000075ae00000| Untracked 
| 216|0x000000075b000000, 0x000000075b200000, 0x000000075b200000|100%| O|  |TAMS 0x000000075b000000, 0x000000075b000000| Untracked 
| 217|0x000000075b200000, 0x000000075b200000, 0x000000075b400000|  0%| F|  |TAMS 0x000000075b200000, 0x000000075b200000| Untracked 
| 218|0x000000075b400000, 0x000000075b400000, 0x000000075b600000|  0%| F|  |TAMS 0x000000075b400000, 0x000000075b400000| Untracked 
| 219|0x000000075b600000, 0x000000075b600000, 0x000000075b800000|  0%| F|  |TAMS 0x000000075b600000, 0x000000075b600000| Untracked 
| 220|0x000000075b800000, 0x000000075b800000, 0x000000075ba00000|  0%| F|  |TAMS 0x000000075b800000, 0x000000075b800000| Untracked 
| 221|0x000000075ba00000, 0x000000075ba00000, 0x000000075bc00000|  0%| F|  |TAMS 0x000000075ba00000, 0x000000075ba00000| Untracked 
| 222|0x000000075bc00000, 0x000000075bc00000, 0x000000075be00000|  0%| F|  |TAMS 0x000000075bc00000, 0x000000075bc00000| Untracked 
| 223|0x000000075be00000, 0x000000075be00000, 0x000000075c000000|  0%| F|  |TAMS 0x000000075be00000, 0x000000075be00000| Untracked 
| 224|0x000000075c000000, 0x000000075c000000, 0x000000075c200000|  0%| F|  |TAMS 0x000000075c000000, 0x000000075c000000| Untracked 
| 225|0x000000075c200000, 0x000000075c200000, 0x000000075c400000|  0%| F|  |TAMS 0x000000075c200000, 0x000000075c200000| Untracked 
| 226|0x000000075c400000, 0x000000075c400000, 0x000000075c600000|  0%| F|  |TAMS 0x000000075c400000, 0x000000075c400000| Untracked 
| 227|0x000000075c600000, 0x000000075c600000, 0x000000075c800000|  0%| F|  |TAMS 0x000000075c600000, 0x000000075c600000| Untracked 
| 228|0x000000075c800000, 0x000000075c800000, 0x000000075ca00000|  0%| F|  |TAMS 0x000000075c800000, 0x000000075c800000| Untracked 
| 229|0x000000075ca00000, 0x000000075ca00000, 0x000000075cc00000|  0%| F|  |TAMS 0x000000075ca00000, 0x000000075ca00000| Untracked 
| 230|0x000000075cc00000, 0x000000075cc00000, 0x000000075ce00000|  0%| F|  |TAMS 0x000000075cc00000, 0x000000075cc00000| Untracked 
| 231|0x000000075ce00000, 0x000000075ce00000, 0x000000075d000000|  0%| F|  |TAMS 0x000000075ce00000, 0x000000075ce00000| Untracked 
| 232|0x000000075d000000, 0x000000075d000000, 0x000000075d200000|  0%| F|  |TAMS 0x000000075d000000, 0x000000075d000000| Untracked 
| 233|0x000000075d200000, 0x000000075d200000, 0x000000075d400000|  0%| F|  |TAMS 0x000000075d200000, 0x000000075d200000| Untracked 
| 234|0x000000075d400000, 0x000000075d400000, 0x000000075d600000|  0%| F|  |TAMS 0x000000075d400000, 0x000000075d400000| Untracked 
| 235|0x000000075d600000, 0x000000075d600000, 0x000000075d800000|  0%| F|  |TAMS 0x000000075d600000, 0x000000075d600000| Untracked 
| 236|0x000000075d800000, 0x000000075d800000, 0x000000075da00000|  0%| F|  |TAMS 0x000000075d800000, 0x000000075d800000| Untracked 
| 237|0x000000075da00000, 0x000000075da00000, 0x000000075dc00000|  0%| F|  |TAMS 0x000000075da00000, 0x000000075da00000| Untracked 
| 238|0x000000075dc00000, 0x000000075dc00000, 0x000000075de00000|  0%| F|  |TAMS 0x000000075dc00000, 0x000000075dc00000| Untracked 
| 239|0x000000075de00000, 0x000000075de00000, 0x000000075e000000|  0%| F|  |TAMS 0x000000075de00000, 0x000000075de00000| Untracked 
| 240|0x000000075e000000, 0x000000075e000000, 0x000000075e200000|  0%| F|  |TAMS 0x000000075e000000, 0x000000075e000000| Untracked 
| 241|0x000000075e200000, 0x000000075e200000, 0x000000075e400000|  0%| F|  |TAMS 0x000000075e200000, 0x000000075e200000| Untracked 
| 242|0x000000075e400000, 0x000000075e400000, 0x000000075e600000|  0%| F|  |TAMS 0x000000075e400000, 0x000000075e400000| Untracked 
| 243|0x000000075e600000, 0x000000075e600000, 0x000000075e800000|  0%| F|  |TAMS 0x000000075e600000, 0x000000075e600000| Untracked 
| 244|0x000000075e800000, 0x000000075e800000, 0x000000075ea00000|  0%| F|  |TAMS 0x000000075e800000, 0x000000075e800000| Untracked 
| 245|0x000000075ea00000, 0x000000075ea00000, 0x000000075ec00000|  0%| F|  |TAMS 0x000000075ea00000, 0x000000075ea00000| Untracked 
| 246|0x000000075ec00000, 0x000000075ec00000, 0x000000075ee00000|  0%| F|  |TAMS 0x000000075ec00000, 0x000000075ec00000| Untracked 
| 247|0x000000075ee00000, 0x000000075ee00000, 0x000000075f000000|  0%| F|  |TAMS 0x000000075ee00000, 0x000000075ee00000| Untracked 
| 248|0x000000075f000000, 0x000000075f000000, 0x000000075f200000|  0%| F|  |TAMS 0x000000075f000000, 0x000000075f000000| Untracked 
| 249|0x000000075f200000, 0x000000075f200000, 0x000000075f400000|  0%| F|  |TAMS 0x000000075f200000, 0x000000075f200000| Untracked 
| 250|0x000000075f400000, 0x000000075f400000, 0x000000075f600000|  0%| F|  |TAMS 0x000000075f400000, 0x000000075f400000| Untracked 
| 251|0x000000075f600000, 0x000000075f600000, 0x000000075f800000|  0%| F|  |TAMS 0x000000075f600000, 0x000000075f600000| Untracked 
| 252|0x000000075f800000, 0x000000075f800000, 0x000000075fa00000|  0%| F|  |TAMS 0x000000075f800000, 0x000000075f800000| Untracked 
| 253|0x000000075fa00000, 0x000000075fa00000, 0x000000075fc00000|  0%| F|  |TAMS 0x000000075fa00000, 0x000000075fa00000| Untracked 
| 254|0x000000075fc00000, 0x000000075fc00000, 0x000000075fe00000|  0%| F|  |TAMS 0x000000075fc00000, 0x000000075fc00000| Untracked 
| 255|0x000000075fe00000, 0x000000075fe00000, 0x0000000760000000|  0%| F|  |TAMS 0x000000075fe00000, 0x000000075fe00000| Untracked 
| 256|0x0000000760000000, 0x0000000760000000, 0x0000000760200000|  0%| F|  |TAMS 0x0000000760000000, 0x0000000760000000| Untracked 
| 257|0x0000000760200000, 0x0000000760200000, 0x0000000760400000|  0%| F|  |TAMS 0x0000000760200000, 0x0000000760200000| Untracked 
| 258|0x0000000760400000, 0x0000000760400000, 0x0000000760600000|  0%| F|  |TAMS 0x0000000760400000, 0x0000000760400000| Untracked 
| 259|0x0000000760600000, 0x0000000760600000, 0x0000000760800000|  0%| F|  |TAMS 0x0000000760600000, 0x0000000760600000| Untracked 
| 260|0x0000000760800000, 0x0000000760800000, 0x0000000760a00000|  0%| F|  |TAMS 0x0000000760800000, 0x0000000760800000| Untracked 
| 261|0x0000000760a00000, 0x0000000760a00000, 0x0000000760c00000|  0%| F|  |TAMS 0x0000000760a00000, 0x0000000760a00000| Untracked 
| 262|0x0000000760c00000, 0x0000000760c00000, 0x0000000760e00000|  0%| F|  |TAMS 0x0000000760c00000, 0x0000000760c00000| Untracked 
| 263|0x0000000760e00000, 0x0000000760e00000, 0x0000000761000000|  0%| F|  |TAMS 0x0000000760e00000, 0x0000000760e00000| Untracked 
| 264|0x0000000761000000, 0x0000000761000000, 0x0000000761200000|  0%| F|  |TAMS 0x0000000761000000, 0x0000000761000000| Untracked 
| 265|0x0000000761200000, 0x0000000761200000, 0x0000000761400000|  0%| F|  |TAMS 0x0000000761200000, 0x0000000761200000| Untracked 
| 266|0x0000000761400000, 0x0000000761400000, 0x0000000761600000|  0%| F|  |TAMS 0x0000000761400000, 0x0000000761400000| Untracked 
| 267|0x0000000761600000, 0x0000000761600000, 0x0000000761800000|  0%| F|  |TAMS 0x0000000761600000, 0x0000000761600000| Untracked 
| 268|0x0000000761800000, 0x0000000761800000, 0x0000000761a00000|  0%| F|  |TAMS 0x0000000761800000, 0x0000000761800000| Untracked 
| 269|0x0000000761a00000, 0x0000000761a00000, 0x0000000761c00000|  0%| F|  |TAMS 0x0000000761a00000, 0x0000000761a00000| Untracked 
| 270|0x0000000761c00000, 0x0000000761c00000, 0x0000000761e00000|  0%| F|  |TAMS 0x0000000761c00000, 0x0000000761c00000| Untracked 
| 271|0x0000000761e00000, 0x0000000761fa9040, 0x0000000762000000| 83%| S|CS|TAMS 0x0000000761e00000, 0x0000000761e00000| Complete 
| 272|0x0000000762000000, 0x0000000762200000, 0x0000000762200000|100%| S|CS|TAMS 0x0000000762000000, 0x0000000762000000| Complete 
| 273|0x0000000762200000, 0x0000000762400000, 0x0000000762400000|100%| S|CS|TAMS 0x0000000762200000, 0x0000000762200000| Complete 
| 274|0x0000000762400000, 0x0000000762600000, 0x0000000762600000|100%| S|CS|TAMS 0x0000000762400000, 0x0000000762400000| Complete 
| 275|0x0000000762600000, 0x0000000762800000, 0x0000000762800000|100%| S|CS|TAMS 0x0000000762600000, 0x0000000762600000| Complete 
| 276|0x0000000762800000, 0x0000000762a00000, 0x0000000762a00000|100%| S|CS|TAMS 0x0000000762800000, 0x0000000762800000| Complete 
| 277|0x0000000762a00000, 0x0000000762a00000, 0x0000000762c00000|  0%| F|  |TAMS 0x0000000762a00000, 0x0000000762a00000| Untracked 
| 278|0x0000000762c00000, 0x0000000762c00000, 0x0000000762e00000|  0%| F|  |TAMS 0x0000000762c00000, 0x0000000762c00000| Untracked 
| 279|0x0000000762e00000, 0x0000000762e00000, 0x0000000763000000|  0%| F|  |TAMS 0x0000000762e00000, 0x0000000762e00000| Untracked 
| 280|0x0000000763000000, 0x0000000763000000, 0x0000000763200000|  0%| F|  |TAMS 0x0000000763000000, 0x0000000763000000| Untracked 
| 281|0x0000000763200000, 0x0000000763200000, 0x0000000763400000|  0%| F|  |TAMS 0x0000000763200000, 0x0000000763200000| Untracked 
| 282|0x0000000763400000, 0x0000000763400000, 0x0000000763600000|  0%| F|  |TAMS 0x0000000763400000, 0x0000000763400000| Untracked 
| 283|0x0000000763600000, 0x0000000763600000, 0x0000000763800000|  0%| F|  |TAMS 0x0000000763600000, 0x0000000763600000| Untracked 
| 284|0x0000000763800000, 0x0000000763800000, 0x0000000763a00000|  0%| F|  |TAMS 0x0000000763800000, 0x0000000763800000| Untracked 
| 285|0x0000000763a00000, 0x0000000763a00000, 0x0000000763c00000|  0%| F|  |TAMS 0x0000000763a00000, 0x0000000763a00000| Untracked 
| 286|0x0000000763c00000, 0x0000000763c00000, 0x0000000763e00000|  0%| F|  |TAMS 0x0000000763c00000, 0x0000000763c00000| Untracked 
| 287|0x0000000763e00000, 0x0000000763e00000, 0x0000000764000000|  0%| F|  |TAMS 0x0000000763e00000, 0x0000000763e00000| Untracked 
| 288|0x0000000764000000, 0x0000000764000000, 0x0000000764200000|  0%| F|  |TAMS 0x0000000764000000, 0x0000000764000000| Untracked 
| 289|0x0000000764200000, 0x0000000764200000, 0x0000000764400000|  0%| F|  |TAMS 0x0000000764200000, 0x0000000764200000| Untracked 
| 290|0x0000000764400000, 0x0000000764400000, 0x0000000764600000|  0%| F|  |TAMS 0x0000000764400000, 0x0000000764400000| Untracked 
| 291|0x0000000764600000, 0x0000000764600000, 0x0000000764800000|  0%| F|  |TAMS 0x0000000764600000, 0x0000000764600000| Untracked 
| 292|0x0000000764800000, 0x0000000764800000, 0x0000000764a00000|  0%| F|  |TAMS 0x0000000764800000, 0x0000000764800000| Untracked 
| 293|0x0000000764a00000, 0x0000000764a00000, 0x0000000764c00000|  0%| F|  |TAMS 0x0000000764a00000, 0x0000000764a00000| Untracked 
| 294|0x0000000764c00000, 0x0000000764c00000, 0x0000000764e00000|  0%| F|  |TAMS 0x0000000764c00000, 0x0000000764c00000| Untracked 
| 295|0x0000000764e00000, 0x0000000764e00000, 0x0000000765000000|  0%| F|  |TAMS 0x0000000764e00000, 0x0000000764e00000| Untracked 
| 296|0x0000000765000000, 0x0000000765000000, 0x0000000765200000|  0%| F|  |TAMS 0x0000000765000000, 0x0000000765000000| Untracked 
| 297|0x0000000765200000, 0x0000000765200000, 0x0000000765400000|  0%| F|  |TAMS 0x0000000765200000, 0x0000000765200000| Untracked 
| 298|0x0000000765400000, 0x0000000765400000, 0x0000000765600000|  0%| F|  |TAMS 0x0000000765400000, 0x0000000765400000| Untracked 
| 299|0x0000000765600000, 0x0000000765600000, 0x0000000765800000|  0%| F|  |TAMS 0x0000000765600000, 0x0000000765600000| Untracked 
| 300|0x0000000765800000, 0x0000000765800000, 0x0000000765a00000|  0%| F|  |TAMS 0x0000000765800000, 0x0000000765800000| Untracked 
| 301|0x0000000765a00000, 0x0000000765a00000, 0x0000000765c00000|  0%| F|  |TAMS 0x0000000765a00000, 0x0000000765a00000| Untracked 
| 302|0x0000000765c00000, 0x0000000765c00000, 0x0000000765e00000|  0%| F|  |TAMS 0x0000000765c00000, 0x0000000765c00000| Untracked 
| 303|0x0000000765e00000, 0x0000000765e00000, 0x0000000766000000|  0%| F|  |TAMS 0x0000000765e00000, 0x0000000765e00000| Untracked 
| 304|0x0000000766000000, 0x0000000766000000, 0x0000000766200000|  0%| F|  |TAMS 0x0000000766000000, 0x0000000766000000| Untracked 
| 305|0x0000000766200000, 0x0000000766200000, 0x0000000766400000|  0%| F|  |TAMS 0x0000000766200000, 0x0000000766200000| Untracked 
| 306|0x0000000766400000, 0x0000000766400000, 0x0000000766600000|  0%| F|  |TAMS 0x0000000766400000, 0x0000000766400000| Untracked 
| 307|0x0000000766600000, 0x0000000766600000, 0x0000000766800000|  0%| F|  |TAMS 0x0000000766600000, 0x0000000766600000| Untracked 
| 308|0x0000000766800000, 0x0000000766800000, 0x0000000766a00000|  0%| F|  |TAMS 0x0000000766800000, 0x0000000766800000| Untracked 
| 309|0x0000000766a00000, 0x0000000766a00000, 0x0000000766c00000|  0%| F|  |TAMS 0x0000000766a00000, 0x0000000766a00000| Untracked 
| 310|0x0000000766c00000, 0x0000000766c00000, 0x0000000766e00000|  0%| F|  |TAMS 0x0000000766c00000, 0x0000000766c00000| Untracked 
| 311|0x0000000766e00000, 0x0000000766e00000, 0x0000000767000000|  0%| F|  |TAMS 0x0000000766e00000, 0x0000000766e00000| Untracked 
| 312|0x0000000767000000, 0x0000000767000000, 0x0000000767200000|  0%| F|  |TAMS 0x0000000767000000, 0x0000000767000000| Untracked 
| 313|0x0000000767200000, 0x0000000767200000, 0x0000000767400000|  0%| F|  |TAMS 0x0000000767200000, 0x0000000767200000| Untracked 
| 314|0x0000000767400000, 0x0000000767400000, 0x0000000767600000|  0%| F|  |TAMS 0x0000000767400000, 0x0000000767400000| Untracked 
| 315|0x0000000767600000, 0x0000000767600000, 0x0000000767800000|  0%| F|  |TAMS 0x0000000767600000, 0x0000000767600000| Untracked 
| 316|0x0000000767800000, 0x0000000767800000, 0x0000000767a00000|  0%| F|  |TAMS 0x0000000767800000, 0x0000000767800000| Untracked 
| 317|0x0000000767a00000, 0x0000000767a00000, 0x0000000767c00000|  0%| F|  |TAMS 0x0000000767a00000, 0x0000000767a00000| Untracked 
| 318|0x0000000767c00000, 0x0000000767c00000, 0x0000000767e00000|  0%| F|  |TAMS 0x0000000767c00000, 0x0000000767c00000| Untracked 
| 319|0x0000000767e00000, 0x0000000767e00000, 0x0000000768000000|  0%| F|  |TAMS 0x0000000767e00000, 0x0000000767e00000| Untracked 
| 320|0x0000000768000000, 0x0000000768000000, 0x0000000768200000|  0%| F|  |TAMS 0x0000000768000000, 0x0000000768000000| Untracked 
| 321|0x0000000768200000, 0x0000000768200000, 0x0000000768400000|  0%| F|  |TAMS 0x0000000768200000, 0x0000000768200000| Untracked 
| 322|0x0000000768400000, 0x0000000768400000, 0x0000000768600000|  0%| F|  |TAMS 0x0000000768400000, 0x0000000768400000| Untracked 
| 323|0x0000000768600000, 0x0000000768600000, 0x0000000768800000|  0%| F|  |TAMS 0x0000000768600000, 0x0000000768600000| Untracked 
| 324|0x0000000768800000, 0x0000000768800000, 0x0000000768a00000|  0%| F|  |TAMS 0x0000000768800000, 0x0000000768800000| Untracked 
| 325|0x0000000768a00000, 0x0000000768a00000, 0x0000000768c00000|  0%| F|  |TAMS 0x0000000768a00000, 0x0000000768a00000| Untracked 
| 326|0x0000000768c00000, 0x0000000768c00000, 0x0000000768e00000|  0%| F|  |TAMS 0x0000000768c00000, 0x0000000768c00000| Untracked 
| 327|0x0000000768e00000, 0x0000000768e00000, 0x0000000769000000|  0%| F|  |TAMS 0x0000000768e00000, 0x0000000768e00000| Untracked 
| 328|0x0000000769000000, 0x0000000769000000, 0x0000000769200000|  0%| F|  |TAMS 0x0000000769000000, 0x0000000769000000| Untracked 
| 329|0x0000000769200000, 0x0000000769200000, 0x0000000769400000|  0%| F|  |TAMS 0x0000000769200000, 0x0000000769200000| Untracked 
| 330|0x0000000769400000, 0x0000000769400000, 0x0000000769600000|  0%| F|  |TAMS 0x0000000769400000, 0x0000000769400000| Untracked 
| 331|0x0000000769600000, 0x0000000769600000, 0x0000000769800000|  0%| F|  |TAMS 0x0000000769600000, 0x0000000769600000| Untracked 
| 332|0x0000000769800000, 0x0000000769800000, 0x0000000769a00000|  0%| F|  |TAMS 0x0000000769800000, 0x0000000769800000| Untracked 
| 333|0x0000000769a00000, 0x0000000769a00000, 0x0000000769c00000|  0%| F|  |TAMS 0x0000000769a00000, 0x0000000769a00000| Untracked 
| 334|0x0000000769c00000, 0x0000000769c00000, 0x0000000769e00000|  0%| F|  |TAMS 0x0000000769c00000, 0x0000000769c00000| Untracked 
| 335|0x0000000769e00000, 0x0000000769e00000, 0x000000076a000000|  0%| F|  |TAMS 0x0000000769e00000, 0x0000000769e00000| Untracked 
| 336|0x000000076a000000, 0x000000076a000000, 0x000000076a200000|  0%| F|  |TAMS 0x000000076a000000, 0x000000076a000000| Untracked 
| 337|0x000000076a200000, 0x000000076a200000, 0x000000076a400000|  0%| F|  |TAMS 0x000000076a200000, 0x000000076a200000| Untracked 
| 338|0x000000076a400000, 0x000000076a400000, 0x000000076a600000|  0%| F|  |TAMS 0x000000076a400000, 0x000000076a400000| Untracked 
| 339|0x000000076a600000, 0x000000076a600000, 0x000000076a800000|  0%| F|  |TAMS 0x000000076a600000, 0x000000076a600000| Untracked 
| 340|0x000000076a800000, 0x000000076a800000, 0x000000076aa00000|  0%| F|  |TAMS 0x000000076a800000, 0x000000076a800000| Untracked 
| 341|0x000000076aa00000, 0x000000076aa00000, 0x000000076ac00000|  0%| F|  |TAMS 0x000000076aa00000, 0x000000076aa00000| Untracked 
| 342|0x000000076ac00000, 0x000000076ac00000, 0x000000076ae00000|  0%| F|  |TAMS 0x000000076ac00000, 0x000000076ac00000| Untracked 
| 343|0x000000076ae00000, 0x000000076ae00000, 0x000000076b000000|  0%| F|  |TAMS 0x000000076ae00000, 0x000000076ae00000| Untracked 
| 344|0x000000076b000000, 0x000000076b000000, 0x000000076b200000|  0%| F|  |TAMS 0x000000076b000000, 0x000000076b000000| Untracked 
| 345|0x000000076b200000, 0x000000076b200000, 0x000000076b400000|  0%| F|  |TAMS 0x000000076b200000, 0x000000076b200000| Untracked 
| 346|0x000000076b400000, 0x000000076b400000, 0x000000076b600000|  0%| F|  |TAMS 0x000000076b400000, 0x000000076b400000| Untracked 
| 347|0x000000076b600000, 0x000000076b600000, 0x000000076b800000|  0%| F|  |TAMS 0x000000076b600000, 0x000000076b600000| Untracked 
| 348|0x000000076b800000, 0x000000076b800000, 0x000000076ba00000|  0%| F|  |TAMS 0x000000076b800000, 0x000000076b800000| Untracked 

Card table byte_map: [0x0000019abb9b0000,0x0000019abbfb0000] _byte_map_base: 0x0000019ab7fb0000

Marking Bits (Prev, Next): (CMBitMap*) 0x0000019aa28f7520, (CMBitMap*) 0x0000019aa28f7560
 Prev Bits: [0x0000019abc5b0000, 0x0000019abf5b0000)
 Next Bits: [0x0000019abf5b0000, 0x0000019ac25b0000)

Polling page: 0x0000019aa2970000

Metaspace:

Usage:
  Non-class:    135.86 MB used.
      Class:     22.11 MB used.
       Both:    157.97 MB used.

Virtual space:
  Non-class space:      192.00 MB reserved,     137.12 MB ( 71%) committed,  3 nodes.
      Class space:      416.00 MB reserved,      23.12 MB (  6%) committed,  1 nodes.
             Both:      608.00 MB reserved,     160.25 MB ( 26%) committed. 

Chunk freelists:
   Non-Class:  6.90 MB
       Class:  9.01 MB
        Both:  15.90 MB

MaxMetaspaceSize: 512.00 MB
CompressedClassSpaceSize: 416.00 MB
Initial GC threshold: 21.00 MB
Current GC threshold: 267.12 MB
CDS: on
MetaspaceReclaimPolicy: balanced
 - commit_granule_bytes: 65536.
 - commit_granule_words: 8192.
 - virtual_space_node_default_size: 8388608.
 - enlarge_chunks_in_place: 1.
 - new_chunks_are_fully_committed: 0.
 - uncommit_free_chunks: 1.
 - use_allocation_guard: 0.
 - handle_deallocations: 1.


Internal statistics:

num_allocs_failed_limit: 6.
num_arena_births: 3284.
num_arena_deaths: 34.
num_vsnodes_births: 4.
num_vsnodes_deaths: 0.
num_space_committed: 2571.
num_space_uncommitted: 8.
num_chunks_returned_to_freelist: 100.
num_chunks_taken_from_freelist: 10922.
num_chunk_merges: 22.
num_chunk_splits: 6955.
num_chunks_enlarged: 4300.
num_inconsistent_stats: 0.

CodeHeap 'non-profiled nmethods': size=120000Kb used=17697Kb max_used=17795Kb free=102302Kb
 bounds [0x0000019ab3420000, 0x0000019ab4590000, 0x0000019aba950000]
CodeHeap 'profiled nmethods': size=120000Kb used=42213Kb max_used=44508Kb free=77786Kb
 bounds [0x0000019aab950000, 0x0000019aae4d0000, 0x0000019ab2e80000]
CodeHeap 'non-nmethods': size=5760Kb used=1873Kb max_used=2024Kb free=3886Kb
 bounds [0x0000019ab2e80000, 0x0000019ab30f0000, 0x0000019ab3420000]
 total_blobs=23067 nmethods=22079 adapters=899
 compilation: enabled
              stopped_count=0, restarted_count=0
 full_count=0

Compilation events (20 events):
Event: 127.898 Thread 0x0000019ac5076980 27971       3       com.android.tools.r8.internal.hh0::H (4 bytes)
Event: 127.898 Thread 0x0000019ac5076980 nmethod 27971 0x0000019aade9b710 code [0x0000019aade9b8a0, 0x0000019aade9b9b8]
Event: 127.924 Thread 0x0000019ac5076980 27972       3       com.android.tools.r8.graph.q6$a::a (10 bytes)
Event: 127.924 Thread 0x0000019ac5076980 nmethod 27972 0x0000019aac056590 code [0x0000019aac056740, 0x0000019aac056888]
Event: 127.933 Thread 0x0000019ac5076980 27973       3       com.android.tools.r8.internal.g03::a (14 bytes)
Event: 127.933 Thread 0x0000019ac5076980 nmethod 27973 0x0000019aac28b290 code [0x0000019aac28b440, 0x0000019aac28b628]
Event: 127.952 Thread 0x0000019ac5076980 27974       3       com.android.tools.r8.internal.il4::c (51 bytes)
Event: 127.953 Thread 0x0000019ac5076980 nmethod 27974 0x0000019aabac4c10 code [0x0000019aabac4de0, 0x0000019aabac5388]
Event: 127.953 Thread 0x0000019ac5076980 27975       3       com.android.tools.r8.internal.nn1::<init> (15 bytes)
Event: 127.953 Thread 0x0000019ac5076980 nmethod 27975 0x0000019aac3def10 code [0x0000019aac3df0a0, 0x0000019aac3df278]
Event: 127.968 Thread 0x0000019ac5072ac0 27976       4       com.android.tools.r8.internal.fh0::H (4 bytes)
Event: 127.969 Thread 0x0000019ac5072ac0 nmethod 27976 0x0000019ab42adb90 code [0x0000019ab42add00, 0x0000019ab42add78]
Event: 127.976 Thread 0x0000019ac5072ac0 27977       4       com.android.tools.r8.internal.uk0::a (1 bytes)
Event: 127.977 Thread 0x0000019ac5072ac0 nmethod 27977 0x0000019ab42ad890 code [0x0000019ab42ada00, 0x0000019ab42ada78]
Event: 127.992 Thread 0x0000019ac5076980 27978       3       com.android.tools.r8.internal.ua0::a (1 bytes)
Event: 127.992 Thread 0x0000019ac5076980 nmethod 27978 0x0000019aadf1b210 code [0x0000019aadf1b3a0, 0x0000019aadf1b4b8]
Event: 128.022 Thread 0x0000019ac5076980 27979       3       com.android.tools.r8.internal.fi0::a (1 bytes)
Event: 128.022 Thread 0x0000019ac5076980 nmethod 27979 0x0000019aadfda390 code [0x0000019aadfda520, 0x0000019aadfda638]
Event: 128.037 Thread 0x0000019ac5072ac0 27980       4       com.android.tools.r8.internal.oh0::H (4 bytes)
Event: 128.038 Thread 0x0000019ac5072ac0 nmethod 27980 0x0000019ab42ad590 code [0x0000019ab42ad700, 0x0000019ab42ad778]

GC Heap History (20 events):
Event: 76.899 GC heap after
{Heap after GC invocations=72 (full 0):
 garbage-first heap   total 630784K, used 177742K [0x0000000740000000, 0x0000000800000000)
  region size 2048K, 5 young (10240K), 5 survivors (10240K)
 Metaspace       used 124932K, committed 126720K, reserved 557056K
  class space    used 17476K, committed 18368K, reserved 425984K
}
Event: 82.423 GC heap before
{Heap before GC invocations=72 (full 0):
 garbage-first heap   total 630784K, used 478798K [0x0000000740000000, 0x0000000800000000)
  region size 2048K, 151 young (309248K), 5 survivors (10240K)
 Metaspace       used 139629K, committed 141504K, reserved 557056K
  class space    used 19297K, committed 20224K, reserved 425984K
}
Event: 82.448 GC heap after
{Heap after GC invocations=73 (full 0):
 garbage-first heap   total 630784K, used 198325K [0x0000000740000000, 0x0000000800000000)
  region size 2048K, 14 young (28672K), 14 survivors (28672K)
 Metaspace       used 139629K, committed 141504K, reserved 557056K
  class space    used 19297K, committed 20224K, reserved 425984K
}
Event: 111.233 GC heap before
{Heap before GC invocations=73 (full 0):
 garbage-first heap   total 630784K, used 503477K [0x0000000740000000, 0x0000000800000000)
  region size 2048K, 159 young (325632K), 14 survivors (28672K)
 Metaspace       used 146349K, committed 148288K, reserved 557056K
  class space    used 20122K, committed 21056K, reserved 425984K
}
Event: 111.283 GC heap after
{Heap after GC invocations=74 (full 0):
 garbage-first heap   total 630784K, used 229741K [0x0000000740000000, 0x0000000800000000)
  region size 2048K, 20 young (40960K), 20 survivors (40960K)
 Metaspace       used 146349K, committed 148288K, reserved 557056K
  class space    used 20122K, committed 21056K, reserved 425984K
}
Event: 115.462 GC heap before
{Heap before GC invocations=74 (full 0):
 garbage-first heap   total 630784K, used 516461K [0x0000000740000000, 0x0000000800000000)
  region size 2048K, 151 young (309248K), 20 survivors (40960K)
 Metaspace       used 158056K, committed 160128K, reserved 622592K
  class space    used 21919K, committed 22912K, reserved 425984K
}
Event: 115.539 GC heap after
{Heap after GC invocations=75 (full 0):
 garbage-first heap   total 630784K, used 267352K [0x0000000740000000, 0x0000000800000000)
  region size 2048K, 18 young (36864K), 18 survivors (36864K)
 Metaspace       used 158056K, committed 160128K, reserved 622592K
  class space    used 21919K, committed 22912K, reserved 425984K
}
Event: 116.094 GC heap before
{Heap before GC invocations=75 (full 0):
 garbage-first heap   total 630784K, used 492632K [0x0000000740000000, 0x0000000800000000)
  region size 2048K, 129 young (264192K), 18 survivors (36864K)
 Metaspace       used 159834K, committed 161856K, reserved 622592K
  class space    used 22293K, committed 23232K, reserved 425984K
}
Event: 116.128 GC heap after
{Heap after GC invocations=76 (full 0):
 garbage-first heap   total 630784K, used 279221K [0x0000000740000000, 0x0000000800000000)
  region size 2048K, 5 young (10240K), 5 survivors (10240K)
 Metaspace       used 159834K, committed 161856K, reserved 622592K
  class space    used 22293K, committed 23232K, reserved 425984K
}
Event: 121.150 GC heap before
{Heap before GC invocations=76 (full 0):
 garbage-first heap   total 630784K, used 559797K [0x0000000740000000, 0x0000000800000000)
  region size 2048K, 115 young (235520K), 5 survivors (10240K)
 Metaspace       used 162171K, committed 164160K, reserved 622592K
  class space    used 22642K, committed 23616K, reserved 425984K
}
Event: 121.175 GC heap after
{Heap after GC invocations=77 (full 0):
 garbage-first heap   total 630784K, used 342016K [0x0000000740000000, 0x0000000800000000)
  region size 2048K, 15 young (30720K), 15 survivors (30720K)
 Metaspace       used 162171K, committed 164160K, reserved 622592K
  class space    used 22642K, committed 23616K, reserved 425984K
}
Event: 122.980 GC heap before
{Heap before GC invocations=77 (full 0):
 garbage-first heap   total 630784K, used 503808K [0x0000000740000000, 0x0000000800000000)
  region size 2048K, 93 young (190464K), 15 survivors (30720K)
 Metaspace       used 162395K, committed 164416K, reserved 622592K
  class space    used 22652K, committed 23616K, reserved 425984K
}
Event: 123.089 GC heap after
{Heap after GC invocations=78 (full 0):
 garbage-first heap   total 630784K, used 418437K [0x0000000740000000, 0x0000000800000000)
  region size 2048K, 12 young (24576K), 12 survivors (24576K)
 Metaspace       used 162395K, committed 164416K, reserved 622592K
  class space    used 22652K, committed 23616K, reserved 425984K
}
Event: 124.118 GC heap before
{Heap before GC invocations=78 (full 0):
 garbage-first heap   total 630784K, used 498309K [0x0000000740000000, 0x0000000800000000)
  region size 2048K, 50 young (102400K), 12 survivors (24576K)
 Metaspace       used 162409K, committed 164416K, reserved 622592K
  class space    used 22652K, committed 23616K, reserved 425984K
}
Event: 124.204 GC heap after
{Heap after GC invocations=79 (full 0):
 garbage-first heap   total 630784K, used 458752K [0x0000000740000000, 0x0000000800000000)
  region size 2048K, 7 young (14336K), 7 survivors (14336K)
 Metaspace       used 162409K, committed 164416K, reserved 622592K
  class space    used 22652K, committed 23616K, reserved 425984K
}
Event: 125.649 GC heap before
{Heap before GC invocations=80 (full 0):
 garbage-first heap   total 714752K, used 458752K [0x0000000740000000, 0x0000000800000000)
  region size 2048K, 33 young (67584K), 7 survivors (14336K)
 Metaspace       used 161756K, committed 164096K, reserved 622592K
  class space    used 22635K, committed 23680K, reserved 425984K
}
Event: 125.671 GC heap after
{Heap after GC invocations=81 (full 0):
 garbage-first heap   total 714752K, used 421654K [0x0000000740000000, 0x0000000800000000)
  region size 2048K, 5 young (10240K), 5 survivors (10240K)
 Metaspace       used 161756K, committed 164096K, reserved 622592K
  class space    used 22635K, committed 23680K, reserved 425984K
}
Event: 125.901 GC heap before
{Heap before GC invocations=81 (full 0):
 garbage-first heap   total 714752K, used 444182K [0x0000000740000000, 0x0000000800000000)
  region size 2048K, 17 young (34816K), 5 survivors (10240K)
 Metaspace       used 161756K, committed 164096K, reserved 622592K
  class space    used 22635K, committed 23680K, reserved 425984K
}
Event: 125.943 GC heap after
{Heap after GC invocations=82 (full 0):
 garbage-first heap   total 714752K, used 392117K [0x0000000740000000, 0x0000000800000000)
  region size 2048K, 2 young (4096K), 2 survivors (4096K)
 Metaspace       used 161756K, committed 164096K, reserved 622592K
  class space    used 22635K, committed 23680K, reserved 425984K
}
Event: 128.063 GC heap before
{Heap before GC invocations=82 (full 0):
 garbage-first heap   total 714752K, used 533429K [0x0000000740000000, 0x0000000800000000)
  region size 2048K, 72 young (147456K), 2 survivors (4096K)
 Metaspace       used 161756K, committed 164096K, reserved 622592K
  class space    used 22635K, committed 23680K, reserved 425984K
}

Deoptimization events (20 events):
Event: 127.226 Thread 0x0000019af1331400 Uncommon trap: trap_request=0xffffff45 fr.pc=0x0000019ab42d033c relative=0x0000000000000fbc
Event: 127.226 Thread 0x0000019af1331400 Uncommon trap: reason=unstable_if action=reinterpret pc=0x0000019ab42d033c method=com.android.tools.r8.graph.g6.a(Lcom/android/tools/r8/graph/z;Lcom/android/tools/r8/dex/k0;Lcom/android/tools/r8/internal/u32;Lcom/android/tools/r8/graph/lc;)V @ 107 c2
Event: 127.226 Thread 0x0000019af1331400 DEOPT PACKING pc=0x0000019ab42d033c sp=0x00000014d67fd850
Event: 127.226 Thread 0x0000019af1331400 DEOPT UNPACKING pc=0x0000019ab2ed23a3 sp=0x00000014d67fd7e0 mode 2
Event: 127.226 Thread 0x0000019af1331400 Uncommon trap: trap_request=0xffffff45 fr.pc=0x0000019ab34df61c relative=0x000000000000051c
Event: 127.226 Thread 0x0000019af1331400 Uncommon trap: reason=unstable_if action=reinterpret pc=0x0000019ab34df61c method=com.android.tools.r8.graph.g6.a(Lcom/android/tools/r8/graph/z;Lcom/android/tools/r8/dex/k0;Lcom/android/tools/r8/internal/u32;Lcom/android/tools/r8/graph/lc;)V @ 107 c2
Event: 127.226 Thread 0x0000019af1331400 DEOPT PACKING pc=0x0000019ab34df61c sp=0x00000014d67fd810
Event: 127.226 Thread 0x0000019af1331400 DEOPT UNPACKING pc=0x0000019ab2ed23a3 sp=0x00000014d67fd7c8 mode 2
Event: 127.705 Thread 0x0000019af1331400 Uncommon trap: trap_request=0xffffff45 fr.pc=0x0000019ab3d87dfc relative=0x000000000000015c
Event: 127.705 Thread 0x0000019af1331400 Uncommon trap: reason=unstable_if action=reinterpret pc=0x0000019ab3d87dfc method=com.android.tools.r8.dex.z0.a(I)Z @ 26 c2
Event: 127.705 Thread 0x0000019af1331400 DEOPT PACKING pc=0x0000019ab3d87dfc sp=0x00000014d67fdc30
Event: 127.705 Thread 0x0000019af1331400 DEOPT UNPACKING pc=0x0000019ab2ed23a3 sp=0x00000014d67fdb50 mode 2
Event: 127.727 Thread 0x0000019af1331400 Uncommon trap: trap_request=0xffffff45 fr.pc=0x0000019ab3ac7114 relative=0x00000000000000f4
Event: 127.727 Thread 0x0000019af1331400 Uncommon trap: reason=unstable_if action=reinterpret pc=0x0000019ab3ac7114 method=com.android.tools.r8.dex.z0.a(I)Z @ 26 c2
Event: 127.727 Thread 0x0000019af1331400 DEOPT PACKING pc=0x0000019ab3ac7114 sp=0x00000014d67fdbd0
Event: 127.727 Thread 0x0000019af1331400 DEOPT UNPACKING pc=0x0000019ab2ed23a3 sp=0x00000014d67fdb50 mode 2
Event: 127.901 Thread 0x0000019af1331400 Uncommon trap: trap_request=0xffffffde fr.pc=0x0000019ab42e46e0 relative=0x0000000000000060
Event: 127.902 Thread 0x0000019af1331400 Uncommon trap: reason=class_check action=maybe_recompile pc=0x0000019ab42e46e0 method=com.android.tools.r8.graph.n2.m0()Z @ 1 c2
Event: 127.902 Thread 0x0000019af1331400 DEOPT PACKING pc=0x0000019ab42e46e0 sp=0x00000014d67fd930
Event: 127.902 Thread 0x0000019af1331400 DEOPT UNPACKING pc=0x0000019ab2ed23a3 sp=0x00000014d67fd8b8 mode 2

Classes unloaded (20 events):
Event: 124.768 Thread 0x0000019ac50559e0 Unloading class 0x0000019ac8303800 'jdk/internal/jimage/ImageHeader'
Event: 124.768 Thread 0x0000019ac50559e0 Unloading class 0x0000019ac8302dc8 'jdk/internal/jimage/BasicImageReader$2'
Event: 124.768 Thread 0x0000019ac50559e0 Unloading class 0x0000019ac8302b98 'jdk/internal/jimage/BasicImageReader$1'
Event: 124.768 Thread 0x0000019ac50559e0 Unloading class 0x0000019ac8302930 'jdk/internal/jimage/ImageReader$Resource'
Event: 124.768 Thread 0x0000019ac50559e0 Unloading class 0x0000019ac83026c8 'jdk/internal/jimage/ImageReader$LinkNode'
Event: 124.768 Thread 0x0000019ac50559e0 Unloading class 0x0000019ac8302460 'jdk/internal/jimage/ImageReader$Directory'
Event: 124.768 Thread 0x0000019ac50559e0 Unloading class 0x0000019ac83021f8 'jdk/internal/jimage/ImageReader$Node'
Event: 124.768 Thread 0x0000019ac50559e0 Unloading class 0x0000019ac8302000 'jdk/internal/jimage/ImageStrings'
Event: 124.768 Thread 0x0000019ac50559e0 Unloading class 0x0000019ac8301b50 'jdk/internal/jimage/ImageReader$SharedImageReader'
Event: 124.768 Thread 0x0000019ac50559e0 Unloading class 0x0000019ac8301890 'jdk/internal/jimage/BasicImageReader'
Event: 124.768 Thread 0x0000019ac50559e0 Unloading class 0x0000019ac8301670 'jdk/internal/jimage/ImageReader'
Event: 124.768 Thread 0x0000019ac50559e0 Unloading class 0x0000019ac8301448 'jdk/internal/jrtfs/SystemImage$2'
Event: 124.768 Thread 0x0000019ac50559e0 Unloading class 0x0000019ac8301230 'jdk/internal/jrtfs/SystemImage$$Lambda$3027+0x0000019ac8301230'
Event: 124.768 Thread 0x0000019ac50559e0 Unloading class 0x0000019ac8301000 'jdk/internal/jrtfs/ExplodedImage'
Event: 124.768 Thread 0x0000019ac50559e0 Unloading class 0x0000019ac8300dc8 'jdk/internal/jrtfs/SystemImage$1'
Event: 124.768 Thread 0x0000019ac50559e0 Unloading class 0x0000019ac8300bb0 'jdk/internal/jrtfs/SystemImage'
Event: 124.768 Thread 0x0000019ac50559e0 Unloading class 0x0000019ac8300950 'jdk/internal/jrtfs/JrtFileStore'
Event: 124.768 Thread 0x0000019ac50559e0 Unloading class 0x0000019ac83005d8 'jdk/internal/jrtfs/JrtPath'
Event: 124.768 Thread 0x0000019ac50559e0 Unloading class 0x0000019ac83002e0 'jdk/internal/jrtfs/JrtFileSystem'
Event: 124.768 Thread 0x0000019ac50559e0 Unloading class 0x0000019ac8300000 'jdk/internal/jrtfs/JrtFileSystemProvider'

Classes redefined (0 events):
No events

Internal exceptions (20 events):
Event: 117.180 Thread 0x0000019ae7f8a660 Exception <a 'sun/nio/fs/WindowsException'{0x000000076231e330}> (0x000000076231e330) 
thrown [s\open\src\hotspot\share\prims\jni.cpp, line 516]
Event: 117.181 Thread 0x0000019ae7f8a660 Exception <a 'sun/nio/fs/WindowsException'{0x000000076231ffa0}> (0x000000076231ffa0) 
thrown [s\open\src\hotspot\share\prims\jni.cpp, line 516]
Event: 117.181 Thread 0x0000019ae7f8a660 Exception <a 'sun/nio/fs/WindowsException'{0x00000007623202b8}> (0x00000007623202b8) 
thrown [s\open\src\hotspot\share\prims\jni.cpp, line 516]
Event: 117.217 Thread 0x0000019ae7f8a660 Exception <a 'sun/nio/fs/WindowsException'{0x000000076232f788}> (0x000000076232f788) 
thrown [s\open\src\hotspot\share\prims\jni.cpp, line 516]
Event: 117.217 Thread 0x0000019ae7f8a660 Exception <a 'sun/nio/fs/WindowsException'{0x00000007623318b0}> (0x00000007623318b0) 
thrown [s\open\src\hotspot\share\prims\jni.cpp, line 516]
Event: 117.224 Thread 0x0000019ae7f8a660 Exception <a 'sun/nio/fs/WindowsException'{0x000000076233a268}> (0x000000076233a268) 
thrown [s\open\src\hotspot\share\prims\jni.cpp, line 516]
Event: 117.225 Thread 0x0000019ae7f8a660 Exception <a 'sun/nio/fs/WindowsException'{0x0000000762342970}> (0x0000000762342970) 
thrown [s\open\src\hotspot\share\prims\jni.cpp, line 516]
Event: 117.231 Thread 0x0000019ae7f8a660 Exception <a 'sun/nio/fs/WindowsException'{0x0000000762359258}> (0x0000000762359258) 
thrown [s\open\src\hotspot\share\prims\jni.cpp, line 516]
Event: 117.232 Thread 0x0000019ae7f8a660 Exception <a 'sun/nio/fs/WindowsException'{0x0000000762361bd0}> (0x0000000762361bd0) 
thrown [s\open\src\hotspot\share\prims\jni.cpp, line 516]
Event: 117.234 Thread 0x0000019ae7f8a660 Exception <a 'sun/nio/fs/WindowsException'{0x0000000762374b90}> (0x0000000762374b90) 
thrown [s\open\src\hotspot\share\prims\jni.cpp, line 516]
Event: 117.328 Thread 0x0000019ae7f8a660 Exception <a 'sun/nio/fs/WindowsException'{0x00000007623f4990}> (0x00000007623f4990) 
thrown [s\open\src\hotspot\share\prims\jni.cpp, line 516]
Event: 117.329 Thread 0x0000019ae7f8a660 Exception <a 'sun/nio/fs/WindowsException'{0x00000007623f6a78}> (0x00000007623f6a78) 
thrown [s\open\src\hotspot\share\prims\jni.cpp, line 516]
Event: 117.330 Thread 0x0000019ae7f8a660 Exception <a 'sun/nio/fs/WindowsException'{0x0000000761df6780}> (0x0000000761df6780) 
thrown [s\open\src\hotspot\share\prims\jni.cpp, line 516]
Event: 117.331 Thread 0x0000019ae7f8a660 Exception <a 'sun/nio/fs/WindowsException'{0x0000000761dff0b0}> (0x0000000761dff0b0) 
thrown [s\open\src\hotspot\share\prims\jni.cpp, line 516]
Event: 117.336 Thread 0x0000019ae7f8a660 Exception <a 'sun/nio/fs/WindowsException'{0x0000000761a0eea8}> (0x0000000761a0eea8) 
thrown [s\open\src\hotspot\share\prims\jni.cpp, line 516]
Event: 118.422 Thread 0x0000019ae7f8a660 Exception <a 'sun/nio/fs/WindowsException'{0x00000007600c8248}> (0x00000007600c8248) 
thrown [s\open\src\hotspot\share\prims\jni.cpp, line 516]
Event: 118.423 Thread 0x0000019ae7f8a660 Exception <a 'sun/nio/fs/WindowsException'{0x00000007600cb280}> (0x00000007600cb280) 
thrown [s\open\src\hotspot\share\prims\jni.cpp, line 516]
Event: 118.452 Thread 0x0000019ae7f8a660 Exception <a 'sun/nio/fs/WindowsException'{0x000000075fa3b768}> (0x000000075fa3b768) 
thrown [s\open\src\hotspot\share\prims\jni.cpp, line 516]
Event: 120.369 Thread 0x0000019af1331400 Exception <a 'sun/nio/fs/WindowsException'{0x000000075c923f88}> (0x000000075c923f88) 
thrown [s\open\src\hotspot\share\prims\jni.cpp, line 516]
Event: 122.031 Thread 0x0000019af4192d20 Exception <a 'java/lang/NoSuchMethodError'{0x0000000763df6e68}: 'long java.lang.invoke.DirectMethodHandle$Holder.invokeStatic(java.lang.Object, java.lang.Object, java.lang.Object)'> (0x0000000763df6e68) 
thrown [s\open\src\hotspot\share\interpreter\linkResolver.cpp, line 759]

VM Operations (20 events):
Event: 124.095 Executing VM operation: Cleanup done
Event: 124.118 Executing VM operation: G1CollectForAllocation
Event: 124.240 Executing VM operation: G1CollectForAllocation done
Event: 124.764 Executing VM operation: G1Concurrent
Event: 124.802 Executing VM operation: G1Concurrent done
Event: 125.275 Executing VM operation: G1Concurrent
Event: 125.275 Executing VM operation: G1Concurrent done
Event: 125.649 Executing VM operation: G1CollectForAllocation
Event: 125.671 Executing VM operation: G1CollectForAllocation done
Event: 125.901 Executing VM operation: G1CollectForAllocation
Event: 125.943 Executing VM operation: G1CollectForAllocation done
Event: 126.051 Executing VM operation: HandshakeAllThreads
Event: 126.054 Executing VM operation: HandshakeAllThreads done
Event: 126.125 Executing VM operation: HandshakeAllThreads
Event: 126.139 Executing VM operation: HandshakeAllThreads done
Event: 127.140 Executing VM operation: Cleanup
Event: 127.141 Executing VM operation: Cleanup done
Event: 127.790 Executing VM operation: HandshakeAllThreads
Event: 127.791 Executing VM operation: HandshakeAllThreads done
Event: 128.063 Executing VM operation: G1CollectForAllocation

Events (20 events):
Event: 127.841 Thread 0x0000019ac5077290 flushing nmethod 0x0000019aae476c90
Event: 127.841 Thread 0x0000019ac5077290 flushing nmethod 0x0000019aae478e90
Event: 127.841 Thread 0x0000019ac5077290 flushing nmethod 0x0000019aae47d890
Event: 127.841 Thread 0x0000019ac5077290 flushing nmethod 0x0000019aae47ef90
Event: 127.841 Thread 0x0000019ac5077290 flushing nmethod 0x0000019aae480610
Event: 127.841 Thread 0x0000019ac5077290 flushing nmethod 0x0000019aae482990
Event: 127.841 Thread 0x0000019ac5077290 flushing nmethod 0x0000019aae4a5890
Event: 127.841 Thread 0x0000019ac5077290 flushing nmethod 0x0000019aae4a5d90
Event: 127.841 Thread 0x0000019ac5077290 flushing nmethod 0x0000019aae4a9d10
Event: 127.841 Thread 0x0000019ac5077290 flushing nmethod 0x0000019aae4aa090
Event: 127.841 Thread 0x0000019ac5077290 flushing nmethod 0x0000019aae4b2010
Event: 127.841 Thread 0x0000019ac5077290 flushing nmethod 0x0000019aae4b2f10
Event: 127.841 Thread 0x0000019ac5077290 flushing nmethod 0x0000019aae4b3c90
Event: 127.841 Thread 0x0000019ac5077290 flushing nmethod 0x0000019aae4b4290
Event: 127.841 Thread 0x0000019ac5077290 flushing nmethod 0x0000019aae4bac90
Event: 127.841 Thread 0x0000019ac5077290 flushing nmethod 0x0000019aae4bb210
Event: 127.841 Thread 0x0000019ac5077290 flushing nmethod 0x0000019aae4bbb90
Event: 127.841 Thread 0x0000019ac5077290 flushing nmethod 0x0000019aae4bd310
Event: 127.952 Thread 0x0000019aead290f0 Thread exited: 0x0000019aead290f0
Event: 127.953 Thread 0x0000019aead25130 Thread exited: 0x0000019aead25130


Dynamic libraries:
0x00007ff68d2e0000 - 0x00007ff68d2f0000 	C:\Program Files\Java\jdk-17\bin\java.exe
0x00007ff9b22b0000 - 0x00007ff9b24a8000 	C:\Windows\SYSTEM32\ntdll.dll
0x00007ff9b1eb0000 - 0x00007ff9b1f72000 	C:\Windows\System32\KERNEL32.DLL
0x00007ff9afa80000 - 0x00007ff9afd76000 	C:\Windows\System32\KERNELBASE.dll
0x00007ff9b0150000 - 0x00007ff9b0250000 	C:\Windows\System32\ucrtbase.dll
0x00007ff989ed0000 - 0x00007ff989eeb000 	C:\Program Files\Java\jdk-17\bin\VCRUNTIME140.dll
0x00007ff9aa910000 - 0x00007ff9aa929000 	C:\Program Files\Java\jdk-17\bin\jli.dll
0x00007ff9b0c60000 - 0x00007ff9b0d11000 	C:\Windows\System32\ADVAPI32.dll
0x00007ff9b17e0000 - 0x00007ff9b187e000 	C:\Windows\System32\msvcrt.dll
0x00007ff9b1530000 - 0x00007ff9b15cf000 	C:\Windows\System32\sechost.dll
0x00007ff9b1900000 - 0x00007ff9b1a20000 	C:\Windows\System32\RPCRT4.dll
0x00007ff9aff10000 - 0x00007ff9aff37000 	C:\Windows\System32\bcrypt.dll
0x00007ff9b0e30000 - 0x00007ff9b0fd1000 	C:\Windows\System32\USER32.dll
0x00007ff9afee0000 - 0x00007ff9aff02000 	C:\Windows\System32\win32u.dll
0x00007ff98fae0000 - 0x00007ff98fd7b000 	C:\Windows\WinSxS\amd64_microsoft.windows.common-controls_6595b64144ccf1df_6.0.19041.6456_none_60b8a6cb71f64256\COMCTL32.dll
0x00007ff9b1730000 - 0x00007ff9b175b000 	C:\Windows\System32\GDI32.dll
0x00007ff9b0030000 - 0x00007ff9b0149000 	C:\Windows\System32\gdi32full.dll
0x00007ff9aff40000 - 0x00007ff9affdd000 	C:\Windows\System32\msvcp_win.dll
0x00007ff9aaff0000 - 0x00007ff9aaffa000 	C:\Windows\SYSTEM32\VERSION.dll
0x00007ff9b2090000 - 0x00007ff9b20bf000 	C:\Windows\System32\IMM32.DLL
0x00007ff9ab7e0000 - 0x00007ff9ab7ec000 	C:\Program Files\Java\jdk-17\bin\vcruntime140_1.dll
0x00007ff978c40000 - 0x00007ff978cce000 	C:\Program Files\Java\jdk-17\bin\msvcp140.dll
0x00007ff95c9c0000 - 0x00007ff95d5a0000 	C:\Program Files\Java\jdk-17\bin\server\jvm.dll
0x00007ff9b1760000 - 0x00007ff9b1768000 	C:\Windows\System32\PSAPI.DLL
0x00007ff9ab9b0000 - 0x00007ff9ab9b9000 	C:\Windows\SYSTEM32\WSOCK32.dll
0x00007ff998a60000 - 0x00007ff998a87000 	C:\Windows\SYSTEM32\WINMM.dll
0x00007ff9b1770000 - 0x00007ff9b17db000 	C:\Windows\System32\WS2_32.dll
0x00007ff9ae110000 - 0x00007ff9ae122000 	C:\Windows\SYSTEM32\kernel.appcore.dll
0x00007ff9ab780000 - 0x00007ff9ab78a000 	C:\Program Files\Java\jdk-17\bin\jimage.dll
0x00007ff9addf0000 - 0x00007ff9adff1000 	C:\Windows\SYSTEM32\DBGHELP.DLL
0x00007ff9a77c0000 - 0x00007ff9a77f4000 	C:\Windows\SYSTEM32\dbgcore.DLL
0x00007ff9af940000 - 0x00007ff9af9c2000 	C:\Windows\System32\bcryptPrimitives.dll
0x00007ff9a16f0000 - 0x00007ff9a16fe000 	C:\Program Files\Java\jdk-17\bin\instrument.dll
0x00007ff989ea0000 - 0x00007ff989ec5000 	C:\Program Files\Java\jdk-17\bin\java.dll
0x00007ff978440000 - 0x00007ff978517000 	C:\Program Files\Java\jdk-17\bin\jsvml.dll
0x00007ff9b02d0000 - 0x00007ff9b0a40000 	C:\Windows\System32\SHELL32.dll
0x00007ff9ad570000 - 0x00007ff9add15000 	C:\Windows\SYSTEM32\windows.storage.dll
0x00007ff9b1100000 - 0x00007ff9b1454000 	C:\Windows\System32\combase.dll
0x00007ff9af280000 - 0x00007ff9af2ab000 	C:\Windows\SYSTEM32\Wldp.dll
0x00007ff9b1460000 - 0x00007ff9b152d000 	C:\Windows\System32\OLEAUT32.dll
0x00007ff9b1f80000 - 0x00007ff9b202d000 	C:\Windows\System32\SHCORE.dll
0x00007ff9b2030000 - 0x00007ff9b208b000 	C:\Windows\System32\shlwapi.dll
0x00007ff9af870000 - 0x00007ff9af894000 	C:\Windows\SYSTEM32\profapi.dll
0x00007ff9891d0000 - 0x00007ff9891e8000 	C:\Program Files\Java\jdk-17\bin\zip.dll
0x00007ff989e80000 - 0x00007ff989e99000 	C:\Program Files\Java\jdk-17\bin\net.dll
0x00007ff9ac5a0000 - 0x00007ff9ac6aa000 	C:\Windows\SYSTEM32\WINHTTP.dll
0x00007ff9af070000 - 0x00007ff9af0da000 	C:\Windows\system32\mswsock.dll
0x00007ff989e60000 - 0x00007ff989e76000 	C:\Program Files\Java\jdk-17\bin\nio.dll
0x00007ff9a1b30000 - 0x00007ff9a1b40000 	C:\Program Files\Java\jdk-17\bin\verify.dll
0x00007ff987dc0000 - 0x00007ff987de7000 	C:\Users\hp\.gradle\native\660c5614fbf4a5f2a75b1949f50a0caf5cd603558e7d8a26e50b933a0cfb79d1\windows-amd64\native-platform.dll
0x00007ff9781d0000 - 0x00007ff978247000 	C:\Users\hp\.gradle\native\0.2.8\x86_64-windows-gnu\gradle-fileevents.dll
0x00007ff9aa9f0000 - 0x00007ff9aa9fa000 	C:\Program Files\Java\jdk-17\bin\management.dll
0x00007ff9a1ca0000 - 0x00007ff9a1cab000 	C:\Program Files\Java\jdk-17\bin\management_ext.dll
0x00007ff9aed20000 - 0x00007ff9aed5b000 	C:\Windows\SYSTEM32\IPHLPAPI.DLL
0x00007ff9b1ea0000 - 0x00007ff9b1ea8000 	C:\Windows\System32\NSI.dll
0x00007ff9a9710000 - 0x00007ff9a9727000 	C:\Windows\SYSTEM32\dhcpcsvc6.DLL
0x00007ff9aaf60000 - 0x00007ff9aaf7d000 	C:\Windows\SYSTEM32\dhcpcsvc.DLL
0x00007ff9aed70000 - 0x00007ff9aee3a000 	C:\Windows\SYSTEM32\DNSAPI.dll
0x00007ff9af2d0000 - 0x00007ff9af2e8000 	C:\Windows\SYSTEM32\CRYPTSP.dll
0x00007ff9ae940000 - 0x00007ff9ae978000 	C:\Windows\system32\rsaenh.dll
0x00007ff9af7f0000 - 0x00007ff9af81e000 	C:\Windows\SYSTEM32\USERENV.dll
0x00007ff9af2b0000 - 0x00007ff9af2bc000 	C:\Windows\SYSTEM32\CRYPTBASE.dll
0x00007ff9a0c60000 - 0x00007ff9a0c6e000 	C:\Program Files\Java\jdk-17\bin\sunmscapi.dll
0x00007ff9afd80000 - 0x00007ff9afedd000 	C:\Windows\System32\CRYPT32.dll
0x00007ff9af3e0000 - 0x00007ff9af407000 	C:\Windows\SYSTEM32\ncrypt.dll
0x00007ff9af3a0000 - 0x00007ff9af3db000 	C:\Windows\SYSTEM32\NTASN1.dll
0x00007ff9ab730000 - 0x00007ff9ab737000 	C:\Windows\system32\wshunix.dll
0x00007ff9aeb90000 - 0x00007ff9aebc3000 	C:\Windows\SYSTEM32\ntmarta.dll
0x00007ff9ab9e0000 - 0x00007ff9ab9e7000 	C:\Program Files\Java\jdk-17\bin\rmi.dll

dbghelp: loaded successfully - version: 4.0.5 - missing functions: none
symbol engine: initialized successfully - sym options: 0x614 - pdb path: .;C:\Program Files\Java\jdk-17\bin;C:\Windows\SYSTEM32;C:\Windows\WinSxS\amd64_microsoft.windows.common-controls_6595b64144ccf1df_6.0.19041.6456_none_60b8a6cb71f64256;C:\Program Files\Java\jdk-17\bin\server;C:\Users\hp\.gradle\native\660c5614fbf4a5f2a75b1949f50a0caf5cd603558e7d8a26e50b933a0cfb79d1\windows-amd64;C:\Users\hp\.gradle\native\0.2.8\x86_64-windows-gnu

VM Arguments:
jvm_args: --add-opens=java.base/java.lang=ALL-UNNAMED --add-opens=java.base/java.lang.invoke=ALL-UNNAMED --add-opens=java.base/java.util=ALL-UNNAMED --add-opens=java.prefs/java.util.prefs=ALL-UNNAMED --add-exports=jdk.compiler/com.sun.tools.javac.api=ALL-UNNAMED --add-exports=jdk.compiler/com.sun.tools.javac.util=ALL-UNNAMED --add-opens=java.base/java.util=ALL-UNNAMED --add-opens=java.prefs/java.util.prefs=ALL-UNNAMED --add-opens=java.base/java.nio.charset=ALL-UNNAMED --add-opens=java.base/java.net=ALL-UNNAMED --add-opens=java.base/java.util.concurrent=ALL-UNNAMED --add-opens=java.base/java.util.concurrent.atomic=ALL-UNNAMED --add-opens=java.xml/javax.xml.namespace=ALL-UNNAMED --add-opens=java.base/java.time=ALL-UNNAMED -XX:MaxMetaspaceSize=512m -Xmx3072m -Dfile.encoding=windows-1252 -Duser.country=US -Duser.language=en -Duser.variant -javaagent:C:\Users\hp\.gradle\wrapper\dists\gradle-9.4.1-bin\arn2x92ynaizyzdaamcbpbhtj\gradle-9.4.1\lib\agents\gradle-instrumentation-agent-9.4.1.jar 
java_command: org.gradle.launcher.daemon.bootstrap.GradleDaemon 9.4.1
java_class_path (initial): C:\Users\hp\.gradle\wrapper\dists\gradle-9.4.1-bin\arn2x92ynaizyzdaamcbpbhtj\gradle-9.4.1\lib\gradle-daemon-main-9.4.1.jar
Launcher Type: SUN_STANDARD

[Global flags]
     intx CICompilerCount                          = 4                                         {product} {ergonomic}
   size_t CompressedClassSpaceSize                 = 436207616                                 {product} {ergonomic}
     uint ConcGCThreads                            = 2                                         {product} {ergonomic}
     uint G1ConcRefinementThreads                  = 8                                         {product} {ergonomic}
   size_t G1HeapRegionSize                         = 2097152                                   {product} {ergonomic}
    uintx GCDrainStackTargetSize                   = 64                                        {product} {ergonomic}
   size_t InitialHeapSize                          = 266338304                                 {product} {ergonomic}
   size_t MarkStackSize                            = 4194304                                   {product} {ergonomic}
   size_t MaxHeapSize                              = 3221225472                                {product} {command line}
   size_t MaxMetaspaceSize                         = 536870912                                 {product} {command line}
   size_t MaxNewSize                               = 1931476992                                {product} {ergonomic}
   size_t MinHeapDeltaBytes                        = 2097152                                   {product} {ergonomic}
   size_t MinHeapSize                              = 8388608                                   {product} {ergonomic}
    uintx NonNMethodCodeHeapSize                   = 5839372                                {pd product} {ergonomic}
    uintx NonProfiledCodeHeapSize                  = 122909434                              {pd product} {ergonomic}
    uintx ProfiledCodeHeapSize                     = 122909434                              {pd product} {ergonomic}
    uintx ReservedCodeCacheSize                    = 251658240                              {pd product} {ergonomic}
     bool SegmentedCodeCache                       = true                                      {product} {ergonomic}
   size_t SoftMaxHeapSize                          = 3221225472                             {manageable} {ergonomic}
     bool UseCompressedClassPointers               = true                           {product lp64_product} {ergonomic}
     bool UseCompressedOops                        = true                           {product lp64_product} {ergonomic}
     bool UseG1GC                                  = true                                      {product} {ergonomic}
     bool UseLargePagesIndividualAllocation        = false                                  {pd product} {ergonomic}

Logging:
Log output configuration:
 #0: stdout all=warning uptime,level,tags
 #1: stderr all=off uptime,level,tags

Environment Variables:
JAVA_HOME=C:\Program Files\Java\jdk-17
PATH=C:\Program Files\Common Files\Oracle\Java\javapath;C:\Windows\system32;C:\Windows;C:\Windows\System32\Wbem;C:\Windows\System32\WindowsPowerShell\v1.0\;C:\Windows\System32\OpenSSH\;C:\Users\hp\AppData\Local\nvm;C:\nvm4w\nodejs;C:\Program Files\Git\cmd;D:\xampp\php;C:\ProgramData\ComposerSetup\bin;C:\Program Files\GitHub CLI\;C:\Users\hp\AppData\Local\Microsoft\WindowsApps;C:\Users\hp\AppData\Local\nvm;C:\nvm4w\nodejs;C:\Users\hp\AppData\Local\Android\Sdk\emulator;C:\Users\hp\AppData\Local\Android\Sdk\platform-tools;C:\Users\hp\AppData\Local\Android\Sdk\tools;C:\Users\hp\AppData\Local\Android\Sdk\tools\bin;C:\Users\hp\AppData\Local\Programs\Microsoft VS Code\bin;C:\Program Files\Java\jdk-11.0.31\bin;C:\Users\hp\AppData\Roaming\Composer\vendor\bin;D:\Users\hp\AppData\Local\Programs\Antigravity IDE\bin
USERNAME=Munir
LANG=en_US.UTF-8
OS=Windows_NT
PROCESSOR_IDENTIFIER=Intel64 Family 6 Model 142 Stepping 12, GenuineIntel



---------------  S Y S T E M  ---------------

OS:
 Windows 10 , 64 bit Build 19041 (10.0.19041.5915)
OS uptime: 0 days 4:43 hours
Hyper-V role detected

CPU: total 8 (initial active 8) (4 cores per cpu, 2 threads per core) family 6 model 142 stepping 12 microcode 0x100, cx8, cmov, fxsr, ht, mmx, 3dnowpref, sse, sse2, sse3, ssse3, sse4.1, sse4.2, popcnt, lzcnt, tsc, tscinvbit, avx, avx2, aes, erms, clmul, bmi1, bmi2, adx, fma, vzeroupper, clflush, clflushopt, hv

Memory: 4k page, system-wide physical 16157M (4062M free)
TotalPageFile size 16705M (AvailPageFile size 49M)
current process WorkingSet (physical memory assigned to process): 1185M, peak: 1186M
current process commit charge ("private bytes"): 1229M, peak: 1515M

vm_info: Java HotSpot(TM) 64-Bit Server VM (17.0.12+8-LTS-286) for windows-amd64 JRE (17.0.12+8-LTS-286), built on Jun  5 2024 06:46:59 by "mach5one" with MS VC++ 17.6 (VS2022)

END.
