#
# There is insufficient memory for the Java Runtime Environment to continue.
# Native memory allocation (malloc) failed to allocate 1023216 bytes for Chunk::new
# Possible reasons:
#   The system is out of physical RAM or swap space
#   The process is running with CompressedOops enabled, and the Java Heap may be blocking the growth of the native heap
# Possible solutions:
#   Reduce memory load on the system
#   Increase physical memory or swap space
#   Check if swap backing store is full
#   Decrease Java heap size (-Xmx/-Xms)
#   Decrease number of Java threads
#   Decrease Java thread stack sizes (-Xss)
#   Set larger code cache with -XX:ReservedCodeCacheSize=
#   JVM is running with Zero Based Compressed Oops mode in which the Java heap is
#     placed in the first 32GB address space. The Java Heap base address is the
#     maximum limit for the native heap growth. Please use -XX:HeapBaseMinAddress
#     to set the Java Heap base and to place the Java Heap above 32GB virtual address.
# This output file may be truncated or incomplete.
#
#  Out of Memory Error (arena.cpp:189), pid=3972, tid=16544
#
# JRE version: Java(TM) SE Runtime Environment (17.0.12+8) (build 17.0.12+8-LTS-286)
# Java VM: Java HotSpot(TM) 64-Bit Server VM (17.0.12+8-LTS-286, mixed mode, sharing, tiered, compressed oops, compressed class ptrs, g1 gc, windows-amd64)
# No core dump will be written. Minidumps are not enabled by default on client versions of Windows
#

---------------  S U M M A R Y ------------

Command Line: --add-opens=java.base/java.lang=ALL-UNNAMED --add-opens=java.base/java.lang.invoke=ALL-UNNAMED --add-opens=java.base/java.util=ALL-UNNAMED --add-opens=java.prefs/java.util.prefs=ALL-UNNAMED --add-exports=jdk.compiler/com.sun.tools.javac.api=ALL-UNNAMED --add-exports=jdk.compiler/com.sun.tools.javac.util=ALL-UNNAMED --add-opens=java.base/java.util=ALL-UNNAMED --add-opens=java.prefs/java.util.prefs=ALL-UNNAMED --add-opens=java.base/java.nio.charset=ALL-UNNAMED --add-opens=java.base/java.net=ALL-UNNAMED --add-opens=java.base/java.util.concurrent=ALL-UNNAMED --add-opens=java.base/java.util.concurrent.atomic=ALL-UNNAMED --add-opens=java.xml/javax.xml.namespace=ALL-UNNAMED --add-opens=java.base/java.time=ALL-UNNAMED -XX:MaxMetaspaceSize=512m -Xmx3072m -Dfile.encoding=windows-1252 -Duser.country=US -Duser.language=en -Duser.variant -javaagent:C:\Users\hp\.gradle\wrapper\dists\gradle-9.4.1-bin\arn2x92ynaizyzdaamcbpbhtj\gradle-9.4.1\lib\agents\gradle-instrumentation-agent-9.4.1.jar org.gradle.launcher.daemon.bootstrap.GradleDaemon 9.4.1

Host: Intel(R) Core(TM) i5-10310U CPU @ 1.70GHz, 8 cores, 15G,  Windows 10 , 64 bit Build 19041 (10.0.19041.5915)
Time: Fri Oct  9 14:52:05 2026 India Standard Time elapsed time: 77.647965 seconds (0d 0h 1m 17s)

---------------  T H R E A D  ---------------

Current thread (0x000001855e2f2260):  JavaThread "C2 CompilerThread1" daemon [_thread_in_native, id=16544, stack(0x0000000285f00000,0x0000000286000000)]


Current CompileTask:
C2:  77648 27239   !   4       java.nio.file.FileTreeWalker::next (144 bytes)

Stack: [0x0000000285f00000,0x0000000286000000]
Native frames: (J=compiled Java code, j=interpreted, Vv=VM code, C=native code)
V  [jvm.dll+0x67a04a]
V  [jvm.dll+0x7da4ed]
V  [jvm.dll+0x7dbe33]
V  [jvm.dll+0x7dc4a3]
V  [jvm.dll+0x24508f]
V  [jvm.dll+0xab773]
V  [jvm.dll+0xabd3c]
V  [jvm.dll+0x2aa52f]
V  [jvm.dll+0x581eb9]
V  [jvm.dll+0x21f422]
V  [jvm.dll+0x21f81f]
V  [jvm.dll+0x218aa0]
V  [jvm.dll+0x215b65]
V  [jvm.dll+0x1a2960]
V  [jvm.dll+0x22610b]
V  [jvm.dll+0x2242ab]
V  [jvm.dll+0x79075c]
V  [jvm.dll+0x78abea]
V  [jvm.dll+0x678f35]
C  [ucrtbase.dll+0x21bb2]
C  [KERNEL32.DLL+0x17374]
C  [ntdll.dll+0x4cc91]


---------------  P R O C E S S  ---------------

Threads class SMR info:
_java_thread_list=0x000001855fcc67a0, length=81, elements={
0x00000185184000d0, 0x000001853abba2b0, 0x000001853abbae40, 0x000001853abca670,
0x000001853abcbf50, 0x000001853abccfc0, 0x000001853abd4050, 0x000001853abda9b0,
0x000001853abdbb10, 0x000001853abe2bf0, 0x000001855a0dfdb0, 0x000001855a280530,
0x000001855c2852a0, 0x000001855ca1eb90, 0x000001855b8bb650, 0x000001855cb9ea20,
0x000001855cb65820, 0x000001855b4acb20, 0x000001855b4ada50, 0x000001855b4ab1d0,
0x000001855b4ae470, 0x000001855b4adf60, 0x000001855b4ae980, 0x000001855b4ad030,
0x000001855b4ab6e0, 0x000001855b4ad540, 0x000001855b4abbf0, 0x000001855b4ac100,
0x000001855b4ac610, 0x000001855e4f0a20, 0x000001855e4f1e60, 0x000001855e4ef0d0,
0x000001855e4f0f30, 0x000001855e4f0000, 0x000001855e4f2880, 0x000001855e4ef5e0,
0x000001855e4f1440, 0x000001855ba8d810, 0x000001855ba8d300, 0x000001855ba8e230,
0x000001855ba92400, 0x000001855ba92910, 0x000001855ba90fc0, 0x000001855ba8e740,
0x000001855ba90ab0, 0x000001855ba91ef0, 0x000001855ba92e20, 0x000001855ba919e0,
0x000001855ba93330, 0x000001855ba8ec50, 0x000001855ba90090, 0x000001855ba8f160,
0x000001855ba8f670, 0x000001855ba93840, 0x000001855ba905a0, 0x00000185621261c0,
0x0000018562124d80, 0x00000185621257a0, 0x0000018562124360, 0x000001855b273310,
0x000001855b2714b0, 0x000001855b276fd0, 0x000001855b2774e0, 0x000001855b275b90,
0x000001855b2723e0, 0x000001855b274c60, 0x000001855b273820, 0x000001855b2728f0,
0x000001855b276ac0, 0x000001855b272e00, 0x000001855b2779f0, 0x000001855b270580,
0x000001855b277f00, 0x000001855b273d30, 0x000001855b274240, 0x000001855e2f2260,
0x000001855e2f27b0, 0x000001855ff38120, 0x000001855ff3bde0, 0x000001855ff3a490,
0x000001855ff38630
}

Java Threads: ( => current thread )
  0x00000185184000d0 JavaThread "main" [_thread_blocked, id=17892, stack(0x0000000286200000,0x0000000286300000)]
  0x000001853abba2b0 JavaThread "Reference Handler" daemon [_thread_blocked, id=11644, stack(0x0000000286900000,0x0000000286a00000)]
  0x000001853abbae40 JavaThread "Finalizer" daemon [_thread_blocked, id=15032, stack(0x0000000286a00000,0x0000000286b00000)]
  0x000001853abca670 JavaThread "Signal Dispatcher" daemon [_thread_blocked, id=6224, stack(0x0000000286b00000,0x0000000286c00000)]
  0x000001853abcbf50 JavaThread "Attach Listener" daemon [_thread_blocked, id=9000, stack(0x0000000286c00000,0x0000000286d00000)]
  0x000001853abccfc0 JavaThread "Service Thread" daemon [_thread_blocked, id=3760, stack(0x0000000286d00000,0x0000000286e00000)]
  0x000001853abd4050 JavaThread "Monitor Deflation Thread" daemon [_thread_blocked, id=11824, stack(0x0000000286e00000,0x0000000286f00000)]
  0x000001853abda9b0 JavaThread "C2 CompilerThread0" daemon [_thread_blocked, id=4384, stack(0x0000000286f00000,0x0000000287000000)]
  0x000001853abdbb10 JavaThread "C1 CompilerThread0" daemon [_thread_blocked, id=15676, stack(0x0000000287000000,0x0000000287100000)]
  0x000001853abe2bf0 JavaThread "Sweeper thread" daemon [_thread_blocked, id=16244, stack(0x0000000287100000,0x0000000287200000)]
  0x000001855a0dfdb0 JavaThread "Common-Cleaner" daemon [_thread_blocked, id=17560, stack(0x0000000287200000,0x0000000287300000)]
  0x000001855a280530 JavaThread "Notification Thread" daemon [_thread_blocked, id=3252, stack(0x0000000287400000,0x0000000287500000)]
  0x000001855c2852a0 JavaThread "Daemon health stats" [_thread_blocked, id=4036, stack(0x0000000287600000,0x0000000287700000)]
  0x000001855ca1eb90 JavaThread "Incoming local TCP Connector on port 59587" [_thread_in_native, id=17288, stack(0x0000000287c00000,0x0000000287d00000)]
  0x000001855b8bb650 JavaThread "Daemon periodic checks" [_thread_blocked, id=16656, stack(0x0000000287d00000,0x0000000287e00000)]
  0x000001855cb9ea20 JavaThread "Daemon" [_thread_blocked, id=10624, stack(0x0000000287e00000,0x0000000287f00000)]
  0x000001855cb65820 JavaThread "Handler for socket connection from /127.0.0.1:59587 to /127.0.0.1:59588" [_thread_in_native, id=16568, stack(0x0000000287f00000,0x0000000288000000)]
  0x000001855b4acb20 JavaThread "Cancel handler" [_thread_blocked, id=324, stack(0x0000000288000000,0x0000000288100000)]
  0x000001855b4ada50 JavaThread "Daemon worker" [_thread_blocked, id=16752, stack(0x0000000288100000,0x0000000288200000)]
  0x000001855b4ab1d0 JavaThread "Asynchronous log dispatcher for DefaultDaemonConnection: socket connection from /127.0.0.1:59587 to /127.0.0.1:59588" [_thread_blocked, id=15828, stack(0x0000000288200000,0x0000000288300000)]
  0x000001855b4ae470 JavaThread "Stdin handler" [_thread_blocked, id=14052, stack(0x0000000288300000,0x0000000288400000)]
  0x000001855b4adf60 JavaThread "Daemon client event forwarder" [_thread_blocked, id=13640, stack(0x0000000288400000,0x0000000288500000)]
  0x000001855b4ae980 JavaThread "Cache worker for journal cache (C:\Users\hp\.gradle\caches\journal-1)" [_thread_blocked, id=16176, stack(0x0000000288500000,0x0000000288600000)]
  0x000001855b4ad030 JavaThread "File lock request listener" [_thread_in_native, id=5728, stack(0x0000000288600000,0x0000000288700000)]
  0x000001855b4ab6e0 JavaThread "Cache worker for file hash cache (C:\Users\hp\.gradle\caches\9.4.1\fileHashes)" [_thread_blocked, id=18744, stack(0x0000000288700000,0x0000000288800000)]
  0x000001855b4ad540 JavaThread "Cache worker for file hash cache (D:\Projects\myproj\myproj\klyenora\android\.gradle\9.4.1\fileHashes)" [_thread_blocked, id=14064, stack(0x0000000288b00000,0x0000000288c00000)]
  0x000001855b4abbf0 JavaThread "Cache worker for Build Output Cleanup Cache (D:\Projects\myproj\myproj\klyenora\android\.gradle\buildOutputCleanup)" [_thread_blocked, id=11232, stack(0x0000000288c00000,0x0000000288d00000)]
  0x000001855b4ac100 JavaThread "File watcher server" daemon [_thread_in_native, id=10568, stack(0x0000000288d00000,0x0000000288e00000)]
  0x000001855b4ac610 JavaThread "File watcher consumer" daemon [_thread_blocked, id=1796, stack(0x0000000288e00000,0x0000000288f00000)]
  0x000001855e4f0a20 JavaThread "Cache worker for file content cache (C:\Users\hp\.gradle\caches\9.4.1\fileContent)" [_thread_blocked, id=4600, stack(0x0000000288f00000,0x0000000289000000)]
  0x000001855e4f1e60 JavaThread "Cache worker for checksums cache (D:\Projects\myproj\myproj\klyenora\android\.gradle\9.4.1\checksums)" [_thread_blocked, id=16592, stack(0x0000000289000000,0x0000000289100000)]
  0x000001855e4ef0d0 JavaThread "Cache worker for cache directory md-supplier (C:\Users\hp\.gradle\caches\9.4.1\md-supplier)" [_thread_blocked, id=1768, stack(0x0000000289200000,0x0000000289300000)]
  0x000001855e4f0f30 JavaThread "Cache worker for cache directory md-rule (C:\Users\hp\.gradle\caches\9.4.1\md-rule)" [_thread_blocked, id=17236, stack(0x0000000289300000,0x0000000289400000)]
  0x000001855e4f0000 JavaThread "jar transforms" [_thread_blocked, id=19716, stack(0x0000000289400000,0x0000000289500000)]
  0x000001855e4f2880 JavaThread "Cache worker for Build Output Cleanup Cache (D:\Projects\myproj\myproj\klyenora\node_modules\@react-native\gradle-plugin\.gradle\buildOutputCleanup)" [_thread_blocked, id=11636, stack(0x0000000289500000,0x0000000289600000)]
  0x000001855e4ef5e0 JavaThread "Build operations" [_thread_blocked, id=1224, stack(0x0000000289600000,0x0000000289700000)]
  0x000001855e4f1440 JavaThread "Build operations Thread 2" [_thread_blocked, id=4232, stack(0x0000000289700000,0x0000000289800000)]
  0x000001855ba8d810 JavaThread "build event listener" [_thread_blocked, id=18504, stack(0x0000000289100000,0x0000000289200000)]
  0x000001855ba8d300 JavaThread "Memory manager" [_thread_blocked, id=9128, stack(0x0000000287300000,0x0000000287400000)]
  0x000001855ba8e230 JavaThread "ForkJoinPool.commonPool-worker-1" daemon [_thread_blocked, id=7512, stack(0x0000000289a00000,0x0000000289b00000)]
  0x000001855ba92400 JavaThread "ForkJoinPool.commonPool-worker-2" daemon [_thread_blocked, id=17472, stack(0x0000000289b00000,0x0000000289c00000)]
  0x000001855ba92910 JavaThread "ForkJoinPool.commonPool-worker-3" daemon [_thread_blocked, id=16032, stack(0x0000000289c00000,0x0000000289d00000)]
  0x000001855ba90fc0 JavaThread "ForkJoinPool.commonPool-worker-4" daemon [_thread_blocked, id=5528, stack(0x0000000289d00000,0x0000000289e00000)]
  0x000001855ba8e740 JavaThread "ForkJoinPool.commonPool-worker-5" daemon [_thread_blocked, id=16308, stack(0x0000000289e00000,0x0000000289f00000)]
  0x000001855ba90ab0 JavaThread "ForkJoinPool.commonPool-worker-6" daemon [_thread_blocked, id=20240, stack(0x0000000289f00000,0x000000028a000000)]
  0x000001855ba91ef0 JavaThread "ForkJoinPool.commonPool-worker-7" daemon [_thread_blocked, id=6220, stack(0x000000028a000000,0x000000028a100000)]
  0x000001855ba92e20 JavaThread "included builds" [_thread_in_native, id=3692, stack(0x000000028a100000,0x000000028a200000)]
  0x000001855ba919e0 JavaThread "Execution worker" [_thread_blocked, id=17160, stack(0x000000028a200000,0x000000028a300000)]
  0x000001855ba93330 JavaThread "Cache worker for execution history cache (D:\Projects\myproj\myproj\klyenora\node_modules\@react-native\gradle-plugin\.gradle\9.4.1\executionHistory)" [_thread_blocked, id=17792, stack(0x000000028a300000,0x000000028a400000)]
  0x000001855ba8ec50 JavaThread "jar transforms Thread 2" [_thread_blocked, id=2120, stack(0x000000028a400000,0x000000028a500000)]
  0x000001855ba90090 JavaThread "jar transforms Thread 3" [_thread_blocked, id=16632, stack(0x000000028a500000,0x000000028a600000)]
  0x000001855ba8f160 JavaThread "jar transforms Thread 4" [_thread_blocked, id=8584, stack(0x000000028a600000,0x000000028a700000)]
  0x000001855ba8f670 JavaThread "jar transforms Thread 5" [_thread_blocked, id=12996, stack(0x000000028a700000,0x000000028a800000)]
  0x000001855ba93840 JavaThread "jar transforms Thread 6" [_thread_blocked, id=18108, stack(0x000000028a800000,0x000000028a900000)]
  0x000001855ba905a0 JavaThread "build event listener" [_thread_blocked, id=12804, stack(0x000000028a900000,0x000000028aa00000)]
  0x00000185621261c0 JavaThread "jar transforms Thread 7" [_thread_blocked, id=11648, stack(0x000000028aa00000,0x000000028ab00000)]
  0x0000018562124d80 JavaThread "jar transforms Thread 8" [_thread_blocked, id=15552, stack(0x000000028ab00000,0x000000028ac00000)]
  0x00000185621257a0 JavaThread "Problems report writer" [_thread_blocked, id=1344, stack(0x000000028ac00000,0x000000028ad00000)]
  0x0000018562124360 JavaThread "Cache worker for execution history cache (D:\Projects\myproj\myproj\klyenora\android\.gradle\9.4.1\executionHistory)" [_thread_blocked, id=4976, stack(0x000000028ae00000,0x000000028af00000)]
  0x000001855b273310 JavaThread "WorkerExecutor Queue" [_thread_blocked, id=13356, stack(0x0000000289800000,0x0000000289900000)]
  0x000001855b2714b0 JavaThread "RMI Scheduler(0)" daemon [_thread_blocked, id=316, stack(0x000000028b200000,0x000000028b300000)]
  0x000001855b276fd0 JavaThread "RMI RenewClean-[127.0.0.1:17213,org.jetbrains.kotlin.daemon.common.LoopbackNetworkInterface$ClientLoopbackSocketFactory@3c9754d1]" daemon [_thread_blocked, id=3820, stack(0x000000028b300000,0x000000028b400000)]
  0x000001855b2774e0 JavaThread "RMI GC Daemon" daemon [_thread_blocked, id=6680, stack(0x000000028b400000,0x000000028b500000)]
  0x000001855b275b90 JavaThread "RMI TCP Accept-0" daemon [_thread_in_native, id=8356, stack(0x000000028b500000,0x000000028b600000)]
  0x000001855b2723e0 JavaThread "RMI Reaper" [_thread_blocked, id=12432, stack(0x000000028b600000,0x000000028b700000)]
  0x000001855b274c60 JavaThread "RMI TCP Connection(2)-127.0.0.1" daemon [_thread_in_native, id=19936, stack(0x000000028b700000,0x000000028b800000)]
  0x000001855b273820 JavaThread "WorkerExecutor Queue Thread 2" [_thread_blocked, id=5500, stack(0x0000000289900000,0x0000000289a00000)]
  0x000001855b2728f0 JavaThread "ForkJoinPool-1-worker-1" daemon [_thread_blocked, id=7116, stack(0x000000028b900000,0x000000028ba00000)]
  0x000001855b276ac0 JavaThread "ForkJoinPool-1-worker-2" daemon [_thread_blocked, id=18784, stack(0x000000028ba00000,0x000000028bb00000)]
  0x000001855b272e00 JavaThread "ForkJoinPool-1-worker-3" daemon [_thread_blocked, id=19328, stack(0x000000028bb00000,0x000000028bc00000)]
  0x000001855b2779f0 JavaThread "ForkJoinPool-1-worker-4" daemon [_thread_blocked, id=10116, stack(0x000000028bc00000,0x000000028bd00000)]
  0x000001855b270580 JavaThread "ForkJoinPool-1-worker-5" daemon [_thread_blocked, id=15712, stack(0x000000028bd00000,0x000000028be00000)]
  0x000001855b277f00 JavaThread "ForkJoinPool-1-worker-6" daemon [_thread_blocked, id=13164, stack(0x000000028be00000,0x000000028bf00000)]
  0x000001855b273d30 JavaThread "ForkJoinPool-1-worker-7" daemon [_thread_blocked, id=8476, stack(0x000000028bf00000,0x000000028c000000)]
  0x000001855b274240 JavaThread "ForkJoinPool-1-worker-8" daemon [_thread_blocked, id=12948, stack(0x000000028c000000,0x000000028c100000)]
=>0x000001855e2f2260 JavaThread "C2 CompilerThread1" daemon [_thread_in_native, id=16544, stack(0x0000000285f00000,0x0000000286000000)]
  0x000001855e2f27b0 JavaThread "C2 CompilerThread2" daemon [_thread_blocked, id=17136, stack(0x0000000286000000,0x0000000286100000)]
  0x000001855ff38120 JavaThread "pool-3-thread-1" [_thread_blocked, id=7220, stack(0x000000028b800000,0x000000028b900000)]
  0x000001855ff3bde0 JavaThread "stderr" [_thread_in_native, id=14996, stack(0x000000028c100000,0x000000028c200000)]
  0x000001855ff3a490 JavaThread "stdout" [_thread_in_native, id=15212, stack(0x000000028c200000,0x000000028c300000)]
  0x000001855ff38630 JavaThread "Cache worker for Java compile cache (C:\Users\hp\.gradle\caches\9.4.1\javaCompile)" [_thread_blocked, id=5124, stack(0x000000028c500000,0x000000028c600000)]

Other Threads:
  0x000001853abb50f0 VMThread "VM Thread" [stack: 0x0000000286800000,0x0000000286900000] [id=18160]
  0x000001855a1b30c0 WatcherThread [stack: 0x0000000287500000,0x0000000287600000] [id=6568]
  0x00000185184586a0 GCTaskThread "GC Thread#0" [stack: 0x0000000286300000,0x0000000286400000] [id=9460]
  0x000001855a413790 GCTaskThread "GC Thread#1" [stack: 0x0000000287700000,0x0000000287800000] [id=16944]
  0x000001855a5eb0c0 GCTaskThread "GC Thread#2" [stack: 0x0000000287800000,0x0000000287900000] [id=11340]
  0x000001855a5eb380 GCTaskThread "GC Thread#3" [stack: 0x0000000287900000,0x0000000287a00000] [id=11600]
  0x000001855b63b1d0 GCTaskThread "GC Thread#4" [stack: 0x0000000287a00000,0x0000000287b00000] [id=13436]
  0x000001855b63b490 GCTaskThread "GC Thread#5" [stack: 0x0000000287b00000,0x0000000287c00000] [id=10788]
  0x000001855df49080 GCTaskThread "GC Thread#6" [stack: 0x0000000288800000,0x0000000288900000] [id=15664]
  0x000001855df482c0 GCTaskThread "GC Thread#7" [stack: 0x0000000288900000,0x0000000288a00000] [id=17844]
  0x0000018518465400 ConcurrentGCThread "G1 Main Marker" [stack: 0x0000000286400000,0x0000000286500000] [id=4852]
  0x00000185184663c0 ConcurrentGCThread "G1 Conc#0" [stack: 0x0000000286500000,0x0000000286600000] [id=12220]
  0x000001855df49b80 ConcurrentGCThread "G1 Conc#1" [stack: 0x0000000288a00000,0x0000000288b00000] [id=148]
  0x00000185184b9ed0 ConcurrentGCThread "G1 Refine#0" [stack: 0x0000000286600000,0x0000000286700000] [id=18576]
  0x000001855a019290 ConcurrentGCThread "G1 Refine#1" [stack: 0x000000028ad00000,0x000000028ae00000] [id=17392]
  0x000001856360c010 ConcurrentGCThread "G1 Refine#2" [stack: 0x000000028b100000,0x000000028b200000] [id=19840]
  0x000001856360f200 ConcurrentGCThread "G1 Refine#3" [stack: 0x000000028c300000,0x000000028c400000] [id=17052]
  0x000001856360c8e0 ConcurrentGCThread "G1 Refine#4" [stack: 0x000000028c400000,0x000000028c500000] [id=2980]
  0x00000185184bb720 ConcurrentGCThread "G1 Service" [stack: 0x0000000286700000,0x0000000286800000] [id=12536]

Threads with active compile tasks:
C2 CompilerThread1    77676 27239   !   4       java.nio.file.FileTreeWalker::next (144 bytes)

VM state: not at safepoint (normal execution)

VM Mutex/Monitor currently owned by a thread: None

Heap address: 0x0000000740000000, size: 3072 MB, Compressed Oops mode: Zero based, Oop shift amount: 3

CDS archive(s) mapped at: [0x000001853b000000-0x000001853bbd0000-0x000001853bbd0000), size 12386304, SharedBaseAddress: 0x000001853b000000, ArchiveRelocationMode: 1.
Compressed class space mapped at: 0x000001853c000000-0x0000018556000000, reserved size: 436207616
Narrow klass base: 0x000001853b000000, Narrow klass shift: 0, Narrow klass range: 0x100000000

GC Precious Log:
 CPUs: 8 total, 8 available
 Memory: 16157M
 Large Page Support: Disabled
 NUMA Support: Disabled
 Compressed Oops: Enabled (Zero based)
 Heap Region Size: 2M
 Heap Min Capacity: 8M
 Heap Initial Capacity: 254M
 Heap Max Capacity: 3G
 Pre-touch: Disabled
 Parallel Workers: 8
 Concurrent Workers: 2
 Concurrent Refinement Workers: 8
 Periodic GC: Disabled

Heap:
 garbage-first heap   total 755712K, used 559045K [0x0000000740000000, 0x0000000800000000)
  region size 2048K, 50 young (102400K), 3 survivors (6144K)
 Metaspace       used 151033K, committed 152768K, reserved 622592K
  class space    used 20634K, committed 21504K, reserved 425984K

Heap Regions: E=young(eden), S=young(survivor), O=old, HS=humongous(starts), HC=humongous(continues), CS=collection set, F=free, OA=open archive, CA=closed archive, TAMS=top-at-mark-start (previous, next)
|   0|0x0000000740000000, 0x0000000740200000, 0x0000000740200000|100%|HS|  |TAMS 0x0000000740200000, 0x0000000740000000| Complete 
|   1|0x0000000740200000, 0x0000000740400000, 0x0000000740400000|100%|HC|  |TAMS 0x0000000740400000, 0x0000000740200000| Complete 
|   2|0x0000000740400000, 0x0000000740600000, 0x0000000740600000|100%| O|  |TAMS 0x0000000740600000, 0x0000000740400000| Untracked 
|   3|0x0000000740600000, 0x0000000740800000, 0x0000000740800000|100%| O|  |TAMS 0x0000000740800000, 0x0000000740600000| Untracked 
|   4|0x0000000740800000, 0x0000000740a00000, 0x0000000740a00000|100%| O|  |TAMS 0x0000000740a00000, 0x0000000740800000| Untracked 
|   5|0x0000000740a00000, 0x0000000740c00000, 0x0000000740c00000|100%| O|  |TAMS 0x0000000740c00000, 0x0000000740a00000| Untracked 
|   6|0x0000000740c00000, 0x0000000740e00000, 0x0000000740e00000|100%| O|  |TAMS 0x0000000740e00000, 0x0000000740c00000| Untracked 
|   7|0x0000000740e00000, 0x0000000741000000, 0x0000000741000000|100%| O|  |TAMS 0x0000000741000000, 0x0000000740e00000| Untracked 
|   8|0x0000000741000000, 0x0000000741200000, 0x0000000741200000|100%| O|  |TAMS 0x0000000741200000, 0x0000000741000000| Untracked 
|   9|0x0000000741200000, 0x0000000741400000, 0x0000000741400000|100%| O|  |TAMS 0x0000000741400000, 0x0000000741200000| Untracked 
|  10|0x0000000741400000, 0x00000007415f1400, 0x0000000741600000| 97%| O|  |TAMS 0x00000007415f1400, 0x0000000741400000| Untracked 
|  11|0x0000000741600000, 0x0000000741800000, 0x0000000741800000|100%| O|  |TAMS 0x0000000741800000, 0x0000000741600000| Untracked 
|  12|0x0000000741800000, 0x0000000741a00000, 0x0000000741a00000|100%| O|  |TAMS 0x0000000741a00000, 0x0000000741800000| Untracked 
|  13|0x0000000741a00000, 0x0000000741c00000, 0x0000000741c00000|100%| O|  |TAMS 0x0000000741c00000, 0x0000000741a00000| Untracked 
|  14|0x0000000741c00000, 0x0000000741e00000, 0x0000000741e00000|100%| O|  |TAMS 0x0000000741e00000, 0x0000000741c00000| Untracked 
|  15|0x0000000741e00000, 0x0000000742000000, 0x0000000742000000|100%| O|  |TAMS 0x0000000742000000, 0x0000000741e00000| Untracked 
|  16|0x0000000742000000, 0x0000000742200000, 0x0000000742200000|100%| O|  |TAMS 0x0000000742200000, 0x0000000742000000| Untracked 
|  17|0x0000000742200000, 0x0000000742400000, 0x0000000742400000|100%| O|  |TAMS 0x0000000742400000, 0x0000000742200000| Untracked 
|  18|0x0000000742400000, 0x0000000742600000, 0x0000000742600000|100%|HS|  |TAMS 0x0000000742600000, 0x0000000742400000| Complete 
|  19|0x0000000742600000, 0x0000000742800000, 0x0000000742800000|100%| O|  |TAMS 0x0000000742800000, 0x0000000742600000| Untracked 
|  20|0x0000000742800000, 0x0000000742a00000, 0x0000000742a00000|100%| O|  |TAMS 0x0000000742a00000, 0x0000000742800000| Untracked 
|  21|0x0000000742a00000, 0x0000000742c00000, 0x0000000742c00000|100%|HS|  |TAMS 0x0000000742c00000, 0x0000000742a00000| Complete 
|  22|0x0000000742c00000, 0x0000000742e00000, 0x0000000742e00000|100%| O|  |TAMS 0x0000000742e00000, 0x0000000742c00000| Untracked 
|  23|0x0000000742e00000, 0x0000000743000000, 0x0000000743000000|100%| O|  |TAMS 0x0000000743000000, 0x0000000742e00000| Untracked 
|  24|0x0000000743000000, 0x0000000743200000, 0x0000000743200000|100%|HS|  |TAMS 0x0000000743200000, 0x0000000743000000| Complete 
|  25|0x0000000743200000, 0x0000000743400000, 0x0000000743400000|100%| O|  |TAMS 0x0000000743400000, 0x0000000743200000| Untracked 
|  26|0x0000000743400000, 0x0000000743600000, 0x0000000743600000|100%| O|  |TAMS 0x0000000743600000, 0x0000000743400000| Untracked 
|  27|0x0000000743600000, 0x0000000743800000, 0x0000000743800000|100%| O|  |TAMS 0x0000000743800000, 0x0000000743600000| Untracked 
|  28|0x0000000743800000, 0x0000000743a00000, 0x0000000743a00000|100%| O|  |TAMS 0x0000000743a00000, 0x0000000743800000| Untracked 
|  29|0x0000000743a00000, 0x0000000743c00000, 0x0000000743c00000|100%| O|  |TAMS 0x0000000743c00000, 0x0000000743a00000| Untracked 
|  30|0x0000000743c00000, 0x0000000743e00000, 0x0000000743e00000|100%| O|  |TAMS 0x0000000743e00000, 0x0000000743c00000| Untracked 
|  31|0x0000000743e00000, 0x0000000744000000, 0x0000000744000000|100%| O|  |TAMS 0x0000000744000000, 0x0000000743e00000| Untracked 
|  32|0x0000000744000000, 0x0000000744200000, 0x0000000744200000|100%| O|  |TAMS 0x0000000744200000, 0x0000000744000000| Untracked 
|  33|0x0000000744200000, 0x0000000744400000, 0x0000000744400000|100%| O|  |TAMS 0x0000000744400000, 0x0000000744200000| Untracked 
|  34|0x0000000744400000, 0x0000000744600000, 0x0000000744600000|100%| O|  |TAMS 0x0000000744600000, 0x0000000744400000| Untracked 
|  35|0x0000000744600000, 0x0000000744800000, 0x0000000744800000|100%| O|  |TAMS 0x0000000744800000, 0x0000000744600000| Untracked 
|  36|0x0000000744800000, 0x0000000744a00000, 0x0000000744a00000|100%| O|  |TAMS 0x0000000744a00000, 0x0000000744800000| Untracked 
|  37|0x0000000744a00000, 0x0000000744c00000, 0x0000000744c00000|100%| O|  |TAMS 0x0000000744c00000, 0x0000000744a00000| Untracked 
|  38|0x0000000744c00000, 0x0000000744e00000, 0x0000000744e00000|100%|HS|  |TAMS 0x0000000744c00000, 0x0000000744c00000| Complete 
|  39|0x0000000744e00000, 0x0000000745000000, 0x0000000745000000|100%| O|  |TAMS 0x0000000745000000, 0x0000000744e00000| Untracked 
|  40|0x0000000745000000, 0x0000000745200000, 0x0000000745200000|100%|HS|  |TAMS 0x0000000745200000, 0x0000000745000000| Complete 
|  41|0x0000000745200000, 0x0000000745400000, 0x0000000745400000|100%| O|  |TAMS 0x0000000745400000, 0x0000000745200000| Untracked 
|  42|0x0000000745400000, 0x0000000745600000, 0x0000000745600000|100%| O|  |TAMS 0x0000000745600000, 0x0000000745400000| Untracked 
|  43|0x0000000745600000, 0x0000000745800000, 0x0000000745800000|100%| O|  |TAMS 0x0000000745800000, 0x0000000745600000| Untracked 
|  44|0x0000000745800000, 0x0000000745a00000, 0x0000000745a00000|100%| O|  |TAMS 0x0000000745a00000, 0x0000000745800000| Untracked 
|  45|0x0000000745a00000, 0x0000000745c00000, 0x0000000745c00000|100%| O|  |TAMS 0x0000000745c00000, 0x0000000745a00000| Untracked 
|  46|0x0000000745c00000, 0x0000000745e00000, 0x0000000745e00000|100%| O|  |TAMS 0x0000000745e00000, 0x0000000745c00000| Untracked 
|  47|0x0000000745e00000, 0x0000000746000000, 0x0000000746000000|100%| O|  |TAMS 0x0000000746000000, 0x0000000745e00000| Untracked 
|  48|0x0000000746000000, 0x0000000746200000, 0x0000000746200000|100%| O|  |TAMS 0x0000000746200000, 0x0000000746000000| Untracked 
|  49|0x0000000746200000, 0x0000000746400000, 0x0000000746400000|100%| O|  |TAMS 0x0000000746400000, 0x0000000746200000| Untracked 
|  50|0x0000000746400000, 0x0000000746600000, 0x0000000746600000|100%| O|  |TAMS 0x0000000746600000, 0x0000000746400000| Untracked 
|  51|0x0000000746600000, 0x0000000746800000, 0x0000000746800000|100%| O|  |TAMS 0x0000000746800000, 0x0000000746600000| Untracked 
|  52|0x0000000746800000, 0x0000000746a00000, 0x0000000746a00000|100%| O|  |TAMS 0x0000000746a00000, 0x0000000746800000| Untracked 
|  53|0x0000000746a00000, 0x0000000746c00000, 0x0000000746c00000|100%| O|  |TAMS 0x0000000746c00000, 0x0000000746a00000| Untracked 
|  54|0x0000000746c00000, 0x0000000746e00000, 0x0000000746e00000|100%| O|  |TAMS 0x0000000746e00000, 0x0000000746c00000| Untracked 
|  55|0x0000000746e00000, 0x0000000747000000, 0x0000000747000000|100%| O|  |TAMS 0x0000000747000000, 0x0000000746e00000| Untracked 
|  56|0x0000000747000000, 0x0000000747200000, 0x0000000747200000|100%| O|  |TAMS 0x0000000747200000, 0x0000000747000000| Untracked 
|  57|0x0000000747200000, 0x0000000747400000, 0x0000000747400000|100%| O|  |TAMS 0x0000000747400000, 0x0000000747200000| Untracked 
|  58|0x0000000747400000, 0x0000000747600000, 0x0000000747600000|100%| O|  |TAMS 0x0000000747600000, 0x0000000747400000| Untracked 
|  59|0x0000000747600000, 0x0000000747800000, 0x0000000747800000|100%| O|  |TAMS 0x0000000747800000, 0x0000000747600000| Untracked 
|  60|0x0000000747800000, 0x0000000747a00000, 0x0000000747a00000|100%| O|  |TAMS 0x0000000747a00000, 0x0000000747800000| Untracked 
|  61|0x0000000747a00000, 0x0000000747c00000, 0x0000000747c00000|100%| O|  |TAMS 0x0000000747c00000, 0x0000000747a00000| Untracked 
|  62|0x0000000747c00000, 0x0000000747e00000, 0x0000000747e00000|100%| O|  |TAMS 0x0000000747c00000, 0x0000000747c00000| Untracked 
|  63|0x0000000747e00000, 0x0000000748000000, 0x0000000748000000|100%|HS|  |TAMS 0x0000000748000000, 0x0000000747e00000| Complete 
|  64|0x0000000748000000, 0x0000000748200000, 0x0000000748200000|100%| O|  |TAMS 0x0000000748200000, 0x0000000748000000| Untracked 
|  65|0x0000000748200000, 0x0000000748400000, 0x0000000748400000|100%| O|  |TAMS 0x0000000748400000, 0x0000000748200000| Untracked 
|  66|0x0000000748400000, 0x0000000748600000, 0x0000000748600000|100%| O|  |TAMS 0x0000000748600000, 0x0000000748400000| Untracked 
|  67|0x0000000748600000, 0x0000000748800000, 0x0000000748800000|100%| O|  |TAMS 0x0000000748800000, 0x0000000748600000| Untracked 
|  68|0x0000000748800000, 0x0000000748a00000, 0x0000000748a00000|100%| O|  |TAMS 0x0000000748a00000, 0x0000000748800000| Untracked 
|  69|0x0000000748a00000, 0x0000000748c00000, 0x0000000748c00000|100%| O|  |TAMS 0x0000000748c00000, 0x0000000748a00000| Untracked 
|  70|0x0000000748c00000, 0x0000000748e00000, 0x0000000748e00000|100%| O|  |TAMS 0x0000000748e00000, 0x0000000748c00000| Untracked 
|  71|0x0000000748e00000, 0x0000000749000000, 0x0000000749000000|100%| O|  |TAMS 0x0000000749000000, 0x0000000748e00000| Untracked 
|  72|0x0000000749000000, 0x0000000749200000, 0x0000000749200000|100%| O|  |TAMS 0x0000000749200000, 0x0000000749000000| Untracked 
|  73|0x0000000749200000, 0x0000000749400000, 0x0000000749400000|100%| O|  |TAMS 0x0000000749400000, 0x0000000749200000| Untracked 
|  74|0x0000000749400000, 0x0000000749600000, 0x0000000749600000|100%| O|  |TAMS 0x0000000749600000, 0x0000000749400000| Untracked 
|  75|0x0000000749600000, 0x0000000749800000, 0x0000000749800000|100%| O|  |TAMS 0x0000000749800000, 0x0000000749600000| Untracked 
|  76|0x0000000749800000, 0x0000000749a00000, 0x0000000749a00000|100%| O|  |TAMS 0x0000000749a00000, 0x0000000749800000| Untracked 
|  77|0x0000000749a00000, 0x0000000749c00000, 0x0000000749c00000|100%| O|  |TAMS 0x0000000749c00000, 0x0000000749a00000| Untracked 
|  78|0x0000000749c00000, 0x0000000749e00000, 0x0000000749e00000|100%| O|  |TAMS 0x0000000749e00000, 0x0000000749c00000| Untracked 
|  79|0x0000000749e00000, 0x000000074a000000, 0x000000074a000000|100%| O|  |TAMS 0x000000074a000000, 0x0000000749e00000| Untracked 
|  80|0x000000074a000000, 0x000000074a200000, 0x000000074a200000|100%| O|  |TAMS 0x000000074a200000, 0x000000074a000000| Untracked 
|  81|0x000000074a200000, 0x000000074a400000, 0x000000074a400000|100%|HS|  |TAMS 0x000000074a400000, 0x000000074a200000| Complete 
|  82|0x000000074a400000, 0x000000074a600000, 0x000000074a600000|100%| O|  |TAMS 0x000000074a600000, 0x000000074a400000| Untracked 
|  83|0x000000074a600000, 0x000000074a800000, 0x000000074a800000|100%| O|  |TAMS 0x000000074a800000, 0x000000074a600000| Untracked 
|  84|0x000000074a800000, 0x000000074aa00000, 0x000000074aa00000|100%| O|  |TAMS 0x000000074aa00000, 0x000000074a800000| Untracked 
|  85|0x000000074aa00000, 0x000000074ac00000, 0x000000074ac00000|100%| O|  |TAMS 0x000000074ac00000, 0x000000074aa00000| Untracked 
|  86|0x000000074ac00000, 0x000000074ae00000, 0x000000074ae00000|100%|HS|  |TAMS 0x000000074ae00000, 0x000000074ac00000| Complete 
|  87|0x000000074ae00000, 0x000000074b000000, 0x000000074b000000|100%|HC|  |TAMS 0x000000074b000000, 0x000000074ae00000| Complete 
|  88|0x000000074b000000, 0x000000074b200000, 0x000000074b200000|100%|HS|  |TAMS 0x000000074b200000, 0x000000074b000000| Complete 
|  89|0x000000074b200000, 0x000000074b400000, 0x000000074b400000|100%|HS|  |TAMS 0x000000074b400000, 0x000000074b200000| Complete 
|  90|0x000000074b400000, 0x000000074b600000, 0x000000074b600000|100%|HS|  |TAMS 0x000000074b600000, 0x000000074b400000| Complete 
|  91|0x000000074b600000, 0x000000074b800000, 0x000000074b800000|100%|HS|  |TAMS 0x000000074b800000, 0x000000074b600000| Complete 
|  92|0x000000074b800000, 0x000000074ba00000, 0x000000074ba00000|100%|HS|  |TAMS 0x000000074ba00000, 0x000000074b800000| Complete 
|  93|0x000000074ba00000, 0x000000074bc00000, 0x000000074bc00000|100%|HC|  |TAMS 0x000000074bc00000, 0x000000074ba00000| Complete 
|  94|0x000000074bc00000, 0x000000074be00000, 0x000000074be00000|100%| O|  |TAMS 0x000000074be00000, 0x000000074bc00000| Untracked 
|  95|0x000000074be00000, 0x000000074c000000, 0x000000074c000000|100%| O|  |TAMS 0x000000074c000000, 0x000000074be00000| Untracked 
|  96|0x000000074c000000, 0x000000074c200000, 0x000000074c200000|100%| O|  |TAMS 0x000000074c000000, 0x000000074c000000| Untracked 
|  97|0x000000074c200000, 0x000000074c400000, 0x000000074c400000|100%| O|  |TAMS 0x000000074c200000, 0x000000074c200000| Untracked 
|  98|0x000000074c400000, 0x000000074c600000, 0x000000074c600000|100%| O|  |TAMS 0x000000074c400000, 0x000000074c400000| Untracked 
|  99|0x000000074c600000, 0x000000074c800000, 0x000000074c800000|100%|HS|  |TAMS 0x000000074c800000, 0x000000074c600000| Complete 
| 100|0x000000074c800000, 0x000000074ca00000, 0x000000074ca00000|100%|HC|  |TAMS 0x000000074ca00000, 0x000000074c800000| Complete 
| 101|0x000000074ca00000, 0x000000074cc00000, 0x000000074cc00000|100%| O|  |TAMS 0x000000074cc00000, 0x000000074ca00000| Untracked 
| 102|0x000000074cc00000, 0x000000074ce00000, 0x000000074ce00000|100%|HS|  |TAMS 0x000000074ce00000, 0x000000074cc00000| Complete 
| 103|0x000000074ce00000, 0x000000074d000000, 0x000000074d000000|100%| O|  |TAMS 0x000000074d000000, 0x000000074ce00000| Untracked 
| 104|0x000000074d000000, 0x000000074d200000, 0x000000074d200000|100%|HS|  |TAMS 0x000000074d200000, 0x000000074d000000| Complete 
| 105|0x000000074d200000, 0x000000074d400000, 0x000000074d400000|100%| O|  |TAMS 0x000000074d400000, 0x000000074d200000| Untracked 
| 106|0x000000074d400000, 0x000000074d600000, 0x000000074d600000|100%|HS|  |TAMS 0x000000074d600000, 0x000000074d400000| Complete 
| 107|0x000000074d600000, 0x000000074d800000, 0x000000074d800000|100%| O|  |TAMS 0x000000074d800000, 0x000000074d600000| Untracked 
| 108|0x000000074d800000, 0x000000074da00000, 0x000000074da00000|100%|HS|  |TAMS 0x000000074da00000, 0x000000074d800000| Complete 
| 109|0x000000074da00000, 0x000000074dc00000, 0x000000074dc00000|100%| O|  |TAMS 0x000000074dc00000, 0x000000074da00000| Untracked 
| 110|0x000000074dc00000, 0x000000074de00000, 0x000000074de00000|100%| O|  |TAMS 0x000000074de00000, 0x000000074dc00000| Untracked 
| 111|0x000000074de00000, 0x000000074e000000, 0x000000074e000000|100%| O|  |TAMS 0x000000074e000000, 0x000000074de00000| Untracked 
| 112|0x000000074e000000, 0x000000074e200000, 0x000000074e200000|100%|HS|  |TAMS 0x000000074e200000, 0x000000074e000000| Complete 
| 113|0x000000074e200000, 0x000000074e400000, 0x000000074e400000|100%|HC|  |TAMS 0x000000074e400000, 0x000000074e200000| Complete 
| 114|0x000000074e400000, 0x000000074e600000, 0x000000074e600000|100%| O|  |TAMS 0x000000074e516400, 0x000000074e400000| Untracked 
| 115|0x000000074e600000, 0x000000074e800000, 0x000000074e800000|100%| O|  |TAMS 0x000000074e600000, 0x000000074e600000| Untracked 
| 116|0x000000074e800000, 0x000000074ea00000, 0x000000074ea00000|100%| O|  |TAMS 0x000000074e800000, 0x000000074e800000| Untracked 
| 117|0x000000074ea00000, 0x000000074ec00000, 0x000000074ec00000|100%| O|  |TAMS 0x000000074ec00000, 0x000000074ea00000| Untracked 
| 118|0x000000074ec00000, 0x000000074ee00000, 0x000000074ee00000|100%| O|  |TAMS 0x000000074ee00000, 0x000000074ec00000| Untracked 
| 119|0x000000074ee00000, 0x000000074f000000, 0x000000074f000000|100%| O|  |TAMS 0x000000074f000000, 0x000000074ee00000| Untracked 
| 120|0x000000074f000000, 0x000000074f200000, 0x000000074f200000|100%| O|  |TAMS 0x000000074f000000, 0x000000074f000000| Untracked 
| 121|0x000000074f200000, 0x000000074f400000, 0x000000074f400000|100%| O|  |TAMS 0x000000074f200000, 0x000000074f200000| Untracked 
| 122|0x000000074f400000, 0x000000074f600000, 0x000000074f600000|100%| O|  |TAMS 0x000000074f400000, 0x000000074f400000| Untracked 
| 123|0x000000074f600000, 0x000000074f800000, 0x000000074f800000|100%| O|  |TAMS 0x000000074f600000, 0x000000074f600000| Untracked 
| 124|0x000000074f800000, 0x000000074fa00000, 0x000000074fa00000|100%| O|  |TAMS 0x000000074f800000, 0x000000074f800000| Untracked 
| 125|0x000000074fa00000, 0x000000074fc00000, 0x000000074fc00000|100%| O|  |TAMS 0x000000074fa00000, 0x000000074fa00000| Untracked 
| 126|0x000000074fc00000, 0x000000074fe00000, 0x000000074fe00000|100%| O|  |TAMS 0x000000074fc00000, 0x000000074fc00000| Untracked 
| 127|0x000000074fe00000, 0x0000000750000000, 0x0000000750000000|100%| O|  |TAMS 0x000000074fe00000, 0x000000074fe00000| Untracked 
| 128|0x0000000750000000, 0x0000000750200000, 0x0000000750200000|100%| O|  |TAMS 0x0000000750000000, 0x0000000750000000| Untracked 
| 129|0x0000000750200000, 0x0000000750400000, 0x0000000750400000|100%| O|  |TAMS 0x0000000750200000, 0x0000000750200000| Untracked 
| 130|0x0000000750400000, 0x0000000750600000, 0x0000000750600000|100%| O|  |TAMS 0x0000000750400000, 0x0000000750400000| Untracked 
| 131|0x0000000750600000, 0x0000000750800000, 0x0000000750800000|100%| O|  |TAMS 0x0000000750600000, 0x0000000750600000| Untracked 
| 132|0x0000000750800000, 0x0000000750a00000, 0x0000000750a00000|100%| O|  |TAMS 0x0000000750800000, 0x0000000750800000| Untracked 
| 133|0x0000000750a00000, 0x0000000750c00000, 0x0000000750c00000|100%| O|  |TAMS 0x0000000750a00000, 0x0000000750a00000| Untracked 
| 134|0x0000000750c00000, 0x0000000750e00000, 0x0000000750e00000|100%| O|  |TAMS 0x0000000750c00000, 0x0000000750c00000| Untracked 
| 135|0x0000000750e00000, 0x0000000751000000, 0x0000000751000000|100%| O|  |TAMS 0x0000000750e00000, 0x0000000750e00000| Untracked 
| 136|0x0000000751000000, 0x0000000751200000, 0x0000000751200000|100%| O|  |TAMS 0x0000000751000000, 0x0000000751000000| Untracked 
| 137|0x0000000751200000, 0x0000000751400000, 0x0000000751400000|100%| O|  |TAMS 0x0000000751200000, 0x0000000751200000| Untracked 
| 138|0x0000000751400000, 0x0000000751600000, 0x0000000751600000|100%| O|  |TAMS 0x0000000751400000, 0x0000000751400000| Untracked 
| 139|0x0000000751600000, 0x0000000751800000, 0x0000000751800000|100%| O|  |TAMS 0x0000000751600000, 0x0000000751600000| Untracked 
| 140|0x0000000751800000, 0x0000000751a00000, 0x0000000751a00000|100%| O|  |TAMS 0x0000000751800000, 0x0000000751800000| Untracked 
| 141|0x0000000751a00000, 0x0000000751c00000, 0x0000000751c00000|100%| O|  |TAMS 0x0000000751a00000, 0x0000000751a00000| Untracked 
| 142|0x0000000751c00000, 0x0000000751e00000, 0x0000000751e00000|100%| O|  |TAMS 0x0000000751c00000, 0x0000000751c00000| Untracked 
| 143|0x0000000751e00000, 0x0000000752000000, 0x0000000752000000|100%| O|  |TAMS 0x0000000751e00000, 0x0000000751e00000| Untracked 
| 144|0x0000000752000000, 0x0000000752200000, 0x0000000752200000|100%| O|  |TAMS 0x0000000752000000, 0x0000000752000000| Untracked 
| 145|0x0000000752200000, 0x0000000752400000, 0x0000000752400000|100%| O|  |TAMS 0x0000000752200000, 0x0000000752200000| Untracked 
| 146|0x0000000752400000, 0x0000000752600000, 0x0000000752600000|100%| O|  |TAMS 0x0000000752400000, 0x0000000752400000| Untracked 
| 147|0x0000000752600000, 0x0000000752800000, 0x0000000752800000|100%| O|  |TAMS 0x0000000752600000, 0x0000000752600000| Untracked 
| 148|0x0000000752800000, 0x0000000752a00000, 0x0000000752a00000|100%| O|  |TAMS 0x0000000752800000, 0x0000000752800000| Untracked 
| 149|0x0000000752a00000, 0x0000000752c00000, 0x0000000752c00000|100%| O|  |TAMS 0x0000000752a00000, 0x0000000752a00000| Untracked 
| 150|0x0000000752c00000, 0x0000000752e00000, 0x0000000752e00000|100%| O|  |TAMS 0x0000000752c00000, 0x0000000752c00000| Untracked 
| 151|0x0000000752e00000, 0x0000000753000000, 0x0000000753000000|100%| O|  |TAMS 0x0000000752e00000, 0x0000000752e00000| Untracked 
| 152|0x0000000753000000, 0x0000000753200000, 0x0000000753200000|100%| O|  |TAMS 0x0000000753000000, 0x0000000753000000| Untracked 
| 153|0x0000000753200000, 0x0000000753400000, 0x0000000753400000|100%| O|  |TAMS 0x0000000753200000, 0x0000000753200000| Untracked 
| 154|0x0000000753400000, 0x0000000753600000, 0x0000000753600000|100%| O|  |TAMS 0x0000000753400000, 0x0000000753400000| Untracked 
| 155|0x0000000753600000, 0x0000000753800000, 0x0000000753800000|100%| O|  |TAMS 0x0000000753600000, 0x0000000753600000| Untracked 
| 156|0x0000000753800000, 0x0000000753a00000, 0x0000000753a00000|100%| O|  |TAMS 0x0000000753800000, 0x0000000753800000| Untracked 
| 157|0x0000000753a00000, 0x0000000753c00000, 0x0000000753c00000|100%| O|  |TAMS 0x0000000753a00000, 0x0000000753a00000| Untracked 
| 158|0x0000000753c00000, 0x0000000753e00000, 0x0000000753e00000|100%| O|  |TAMS 0x0000000753c00000, 0x0000000753c00000| Untracked 
| 159|0x0000000753e00000, 0x0000000754000000, 0x0000000754000000|100%| O|  |TAMS 0x0000000753e00000, 0x0000000753e00000| Untracked 
| 160|0x0000000754000000, 0x0000000754200000, 0x0000000754200000|100%| O|  |TAMS 0x0000000754000000, 0x0000000754000000| Untracked 
| 161|0x0000000754200000, 0x0000000754400000, 0x0000000754400000|100%| O|  |TAMS 0x0000000754200000, 0x0000000754200000| Untracked 
| 162|0x0000000754400000, 0x0000000754600000, 0x0000000754600000|100%| O|  |TAMS 0x0000000754400000, 0x0000000754400000| Untracked 
| 163|0x0000000754600000, 0x0000000754800000, 0x0000000754800000|100%| O|  |TAMS 0x0000000754600000, 0x0000000754600000| Untracked 
| 164|0x0000000754800000, 0x0000000754a00000, 0x0000000754a00000|100%| O|  |TAMS 0x0000000754800000, 0x0000000754800000| Untracked 
| 165|0x0000000754a00000, 0x0000000754c00000, 0x0000000754c00000|100%| O|  |TAMS 0x0000000754a00000, 0x0000000754a00000| Untracked 
| 166|0x0000000754c00000, 0x0000000754e00000, 0x0000000754e00000|100%| O|  |TAMS 0x0000000754c00000, 0x0000000754c00000| Untracked 
| 167|0x0000000754e00000, 0x0000000755000000, 0x0000000755000000|100%| O|  |TAMS 0x0000000754e00000, 0x0000000754e00000| Untracked 
| 168|0x0000000755000000, 0x0000000755200000, 0x0000000755200000|100%| O|  |TAMS 0x0000000755000000, 0x0000000755000000| Untracked 
| 169|0x0000000755200000, 0x0000000755400000, 0x0000000755400000|100%| O|  |TAMS 0x0000000755200000, 0x0000000755200000| Untracked 
| 170|0x0000000755400000, 0x0000000755600000, 0x0000000755600000|100%| O|  |TAMS 0x0000000755400000, 0x0000000755400000| Untracked 
| 171|0x0000000755600000, 0x0000000755800000, 0x0000000755800000|100%| O|  |TAMS 0x0000000755600000, 0x0000000755600000| Untracked 
| 172|0x0000000755800000, 0x0000000755a00000, 0x0000000755a00000|100%| O|  |TAMS 0x0000000755800000, 0x0000000755800000| Untracked 
| 173|0x0000000755a00000, 0x0000000755c00000, 0x0000000755c00000|100%| O|  |TAMS 0x0000000755a00000, 0x0000000755a00000| Untracked 
| 174|0x0000000755c00000, 0x0000000755e00000, 0x0000000755e00000|100%| O|  |TAMS 0x0000000755c00000, 0x0000000755c00000| Untracked 
| 175|0x0000000755e00000, 0x0000000756000000, 0x0000000756000000|100%| O|  |TAMS 0x0000000755e00000, 0x0000000755e00000| Untracked 
| 176|0x0000000756000000, 0x0000000756200000, 0x0000000756200000|100%| O|  |TAMS 0x0000000756000000, 0x0000000756000000| Untracked 
| 177|0x0000000756200000, 0x0000000756400000, 0x0000000756400000|100%| O|  |TAMS 0x0000000756200000, 0x0000000756200000| Untracked 
| 178|0x0000000756400000, 0x0000000756600000, 0x0000000756600000|100%| O|  |TAMS 0x0000000756400000, 0x0000000756400000| Untracked 
| 179|0x0000000756600000, 0x0000000756800000, 0x0000000756800000|100%| O|  |TAMS 0x0000000756600000, 0x0000000756600000| Untracked 
| 180|0x0000000756800000, 0x0000000756a00000, 0x0000000756a00000|100%| O|  |TAMS 0x0000000756800000, 0x0000000756800000| Untracked 
| 181|0x0000000756a00000, 0x0000000756c00000, 0x0000000756c00000|100%| O|  |TAMS 0x0000000756a00000, 0x0000000756a00000| Untracked 
| 182|0x0000000756c00000, 0x0000000756e00000, 0x0000000756e00000|100%| O|  |TAMS 0x0000000756c00000, 0x0000000756c00000| Untracked 
| 183|0x0000000756e00000, 0x0000000757000000, 0x0000000757000000|100%|HS|  |TAMS 0x0000000756e00000, 0x0000000756e00000| Complete 
| 184|0x0000000757000000, 0x0000000757200000, 0x0000000757200000|100%|HS|  |TAMS 0x0000000757000000, 0x0000000757000000| Complete 
| 185|0x0000000757200000, 0x0000000757400000, 0x0000000757400000|100%| O|  |TAMS 0x0000000757200000, 0x0000000757200000| Untracked 
| 186|0x0000000757400000, 0x0000000757600000, 0x0000000757600000|100%| O|  |TAMS 0x0000000757400000, 0x0000000757400000| Untracked 
| 187|0x0000000757600000, 0x0000000757600000, 0x0000000757800000|  0%| F|  |TAMS 0x0000000757600000, 0x0000000757600000| Untracked 
| 188|0x0000000757800000, 0x0000000757a00000, 0x0000000757a00000|100%| O|  |TAMS 0x0000000757800000, 0x0000000757800000| Untracked 
| 189|0x0000000757a00000, 0x0000000757c00000, 0x0000000757c00000|100%|HS|  |TAMS 0x0000000757a00000, 0x0000000757a00000| Complete 
| 190|0x0000000757c00000, 0x0000000757e00000, 0x0000000757e00000|100%|HS|  |TAMS 0x0000000757c00000, 0x0000000757c00000| Complete 
| 191|0x0000000757e00000, 0x0000000757e00000, 0x0000000758000000|  0%| F|  |TAMS 0x0000000757e00000, 0x0000000757e00000| Untracked 
| 192|0x0000000758000000, 0x0000000758000000, 0x0000000758200000|  0%| F|  |TAMS 0x0000000758000000, 0x0000000758000000| Untracked 
| 193|0x0000000758200000, 0x0000000758400000, 0x0000000758400000|100%| O|  |TAMS 0x0000000758200000, 0x0000000758200000| Untracked 
| 194|0x0000000758400000, 0x0000000758600000, 0x0000000758600000|100%| O|  |TAMS 0x0000000758400000, 0x0000000758400000| Untracked 
| 195|0x0000000758600000, 0x0000000758800000, 0x0000000758800000|100%| O|  |TAMS 0x0000000758600000, 0x0000000758600000| Untracked 
| 196|0x0000000758800000, 0x0000000758a00000, 0x0000000758a00000|100%| O|  |TAMS 0x0000000758800000, 0x0000000758800000| Untracked 
| 197|0x0000000758a00000, 0x0000000758c00000, 0x0000000758c00000|100%| O|  |TAMS 0x0000000758a00000, 0x0000000758a00000| Untracked 
| 198|0x0000000758c00000, 0x0000000758e00000, 0x0000000758e00000|100%| O|  |TAMS 0x0000000758c00000, 0x0000000758c00000| Untracked 
| 199|0x0000000758e00000, 0x0000000759000000, 0x0000000759000000|100%| O|  |TAMS 0x0000000758e00000, 0x0000000758e00000| Untracked 
| 200|0x0000000759000000, 0x0000000759200000, 0x0000000759200000|100%| O|  |TAMS 0x0000000759000000, 0x0000000759000000| Untracked 
| 201|0x0000000759200000, 0x0000000759400000, 0x0000000759400000|100%| O|  |TAMS 0x0000000759200000, 0x0000000759200000| Untracked 
| 202|0x0000000759400000, 0x0000000759600000, 0x0000000759600000|100%| O|  |TAMS 0x0000000759400000, 0x0000000759400000| Untracked 
| 203|0x0000000759600000, 0x0000000759800000, 0x0000000759800000|100%| O|  |TAMS 0x0000000759600000, 0x0000000759600000| Untracked 
| 204|0x0000000759800000, 0x0000000759a00000, 0x0000000759a00000|100%| O|  |TAMS 0x0000000759800000, 0x0000000759800000| Untracked 
| 205|0x0000000759a00000, 0x0000000759c00000, 0x0000000759c00000|100%| O|  |TAMS 0x0000000759a00000, 0x0000000759a00000| Untracked 
| 206|0x0000000759c00000, 0x0000000759e00000, 0x0000000759e00000|100%| O|  |TAMS 0x0000000759c00000, 0x0000000759c00000| Untracked 
| 207|0x0000000759e00000, 0x000000075a000000, 0x000000075a000000|100%| O|  |TAMS 0x0000000759e00000, 0x0000000759e00000| Untracked 
| 208|0x000000075a000000, 0x000000075a200000, 0x000000075a200000|100%| O|  |TAMS 0x000000075a000000, 0x000000075a000000| Untracked 
| 209|0x000000075a200000, 0x000000075a400000, 0x000000075a400000|100%| O|  |TAMS 0x000000075a200000, 0x000000075a200000| Untracked 
| 210|0x000000075a400000, 0x000000075a600000, 0x000000075a600000|100%| O|  |TAMS 0x000000075a400000, 0x000000075a400000| Untracked 
| 211|0x000000075a600000, 0x000000075a800000, 0x000000075a800000|100%| O|  |TAMS 0x000000075a600000, 0x000000075a600000| Untracked 
| 212|0x000000075a800000, 0x000000075aa00000, 0x000000075aa00000|100%| O|  |TAMS 0x000000075a800000, 0x000000075a800000| Untracked 
| 213|0x000000075aa00000, 0x000000075ac00000, 0x000000075ac00000|100%| O|  |TAMS 0x000000075aa00000, 0x000000075aa00000| Untracked 
| 214|0x000000075ac00000, 0x000000075ae00000, 0x000000075ae00000|100%| O|  |TAMS 0x000000075ac00000, 0x000000075ac00000| Untracked 
| 215|0x000000075ae00000, 0x000000075b000000, 0x000000075b000000|100%| O|  |TAMS 0x000000075ae00000, 0x000000075ae00000| Untracked 
| 216|0x000000075b000000, 0x000000075b200000, 0x000000075b200000|100%| O|  |TAMS 0x000000075b000000, 0x000000075b000000| Untracked 
| 217|0x000000075b200000, 0x000000075b400000, 0x000000075b400000|100%| O|  |TAMS 0x000000075b200000, 0x000000075b200000| Untracked 
| 218|0x000000075b400000, 0x000000075b400000, 0x000000075b600000|  0%| F|  |TAMS 0x000000075b400000, 0x000000075b400000| Untracked 
| 219|0x000000075b600000, 0x000000075b600000, 0x000000075b800000|  0%| F|  |TAMS 0x000000075b600000, 0x000000075b600000| Untracked 
| 220|0x000000075b800000, 0x000000075b800000, 0x000000075ba00000|  0%| F|  |TAMS 0x000000075b800000, 0x000000075b800000| Untracked 
| 221|0x000000075ba00000, 0x000000075ba00000, 0x000000075bc00000|  0%| F|  |TAMS 0x000000075ba00000, 0x000000075ba00000| Untracked 
| 222|0x000000075bc00000, 0x000000075bc00000, 0x000000075be00000|  0%| F|  |TAMS 0x000000075bc00000, 0x000000075bc00000| Untracked 
| 223|0x000000075be00000, 0x000000075be00000, 0x000000075c000000|  0%| F|  |TAMS 0x000000075be00000, 0x000000075be00000| Untracked 
| 224|0x000000075c000000, 0x000000075c000000, 0x000000075c200000|  0%| F|  |TAMS 0x000000075c000000, 0x000000075c000000| Untracked 
| 225|0x000000075c200000, 0x000000075c200000, 0x000000075c400000|  0%| F|  |TAMS 0x000000075c200000, 0x000000075c200000| Untracked 
| 226|0x000000075c400000, 0x000000075c400000, 0x000000075c600000|  0%| F|  |TAMS 0x000000075c400000, 0x000000075c400000| Untracked 
| 227|0x000000075c600000, 0x000000075c600000, 0x000000075c800000|  0%| F|  |TAMS 0x000000075c600000, 0x000000075c600000| Untracked 
| 228|0x000000075c800000, 0x000000075c800000, 0x000000075ca00000|  0%| F|  |TAMS 0x000000075c800000, 0x000000075c800000| Untracked 
| 229|0x000000075ca00000, 0x000000075ca00000, 0x000000075cc00000|  0%| F|  |TAMS 0x000000075ca00000, 0x000000075ca00000| Untracked 
| 230|0x000000075cc00000, 0x000000075ce00000, 0x000000075ce00000|100%| O|  |TAMS 0x000000075cc00000, 0x000000075cc00000| Untracked 
| 231|0x000000075ce00000, 0x000000075d000000, 0x000000075d000000|100%| O|  |TAMS 0x000000075ce00000, 0x000000075ce00000| Untracked 
| 232|0x000000075d000000, 0x000000075d200000, 0x000000075d200000|100%| O|  |TAMS 0x000000075d000000, 0x000000075d000000| Untracked 
| 233|0x000000075d200000, 0x000000075d400000, 0x000000075d400000|100%| O|  |TAMS 0x000000075d200000, 0x000000075d200000| Untracked 
| 234|0x000000075d400000, 0x000000075d600000, 0x000000075d600000|100%| O|  |TAMS 0x000000075d400000, 0x000000075d400000| Untracked 
| 235|0x000000075d600000, 0x000000075d800000, 0x000000075d800000|100%| O|  |TAMS 0x000000075d600000, 0x000000075d600000| Untracked 
| 236|0x000000075d800000, 0x000000075da00000, 0x000000075da00000|100%| O|  |TAMS 0x000000075d800000, 0x000000075d800000| Untracked 
| 237|0x000000075da00000, 0x000000075dc00000, 0x000000075dc00000|100%| O|  |TAMS 0x000000075da00000, 0x000000075da00000| Untracked 
| 238|0x000000075dc00000, 0x000000075de00000, 0x000000075de00000|100%| O|  |TAMS 0x000000075dc00000, 0x000000075dc00000| Untracked 
| 239|0x000000075de00000, 0x000000075e000000, 0x000000075e000000|100%| O|  |TAMS 0x000000075de00000, 0x000000075de00000| Untracked 
| 240|0x000000075e000000, 0x000000075e000000, 0x000000075e200000|  0%| F|  |TAMS 0x000000075e000000, 0x000000075e000000| Untracked 
| 241|0x000000075e200000, 0x000000075e200000, 0x000000075e400000|  0%| F|  |TAMS 0x000000075e200000, 0x000000075e200000| Untracked 
| 242|0x000000075e400000, 0x000000075e400000, 0x000000075e600000|  0%| F|  |TAMS 0x000000075e400000, 0x000000075e400000| Untracked 
| 243|0x000000075e600000, 0x000000075e600000, 0x000000075e800000|  0%| F|  |TAMS 0x000000075e600000, 0x000000075e600000| Untracked 
| 244|0x000000075e800000, 0x000000075e800000, 0x000000075ea00000|  0%| F|  |TAMS 0x000000075e800000, 0x000000075e800000| Untracked 
| 245|0x000000075ea00000, 0x000000075ea00000, 0x000000075ec00000|  0%| F|  |TAMS 0x000000075ea00000, 0x000000075ea00000| Untracked 
| 246|0x000000075ec00000, 0x000000075ec00000, 0x000000075ee00000|  0%| F|  |TAMS 0x000000075ec00000, 0x000000075ec00000| Untracked 
| 247|0x000000075ee00000, 0x000000075ee00000, 0x000000075f000000|  0%| F|  |TAMS 0x000000075ee00000, 0x000000075ee00000| Untracked 
| 248|0x000000075f000000, 0x000000075f000000, 0x000000075f200000|  0%| F|  |TAMS 0x000000075f000000, 0x000000075f000000| Untracked 
| 249|0x000000075f200000, 0x000000075f200000, 0x000000075f400000|  0%| F|  |TAMS 0x000000075f200000, 0x000000075f200000| Untracked 
| 250|0x000000075f400000, 0x000000075f400000, 0x000000075f600000|  0%| F|  |TAMS 0x000000075f400000, 0x000000075f400000| Untracked 
| 251|0x000000075f600000, 0x000000075f600000, 0x000000075f800000|  0%| F|  |TAMS 0x000000075f600000, 0x000000075f600000| Untracked 
| 252|0x000000075f800000, 0x000000075f800000, 0x000000075fa00000|  0%| F|  |TAMS 0x000000075f800000, 0x000000075f800000| Untracked 
| 253|0x000000075fa00000, 0x000000075fa00000, 0x000000075fc00000|  0%| F|  |TAMS 0x000000075fa00000, 0x000000075fa00000| Untracked 
| 254|0x000000075fc00000, 0x000000075fc00000, 0x000000075fe00000|  0%| F|  |TAMS 0x000000075fc00000, 0x000000075fc00000| Untracked 
| 255|0x000000075fe00000, 0x000000075fe00000, 0x0000000760000000|  0%| F|  |TAMS 0x000000075fe00000, 0x000000075fe00000| Untracked 
| 256|0x0000000760000000, 0x0000000760000000, 0x0000000760200000|  0%| F|  |TAMS 0x0000000760000000, 0x0000000760000000| Untracked 
| 257|0x0000000760200000, 0x0000000760200000, 0x0000000760400000|  0%| F|  |TAMS 0x0000000760200000, 0x0000000760200000| Untracked 
| 258|0x0000000760400000, 0x0000000760400000, 0x0000000760600000|  0%| F|  |TAMS 0x0000000760400000, 0x0000000760400000| Untracked 
| 259|0x0000000760600000, 0x0000000760600000, 0x0000000760800000|  0%| F|  |TAMS 0x0000000760600000, 0x0000000760600000| Untracked 
| 260|0x0000000760800000, 0x0000000760800000, 0x0000000760a00000|  0%| F|  |TAMS 0x0000000760800000, 0x0000000760800000| Untracked 
| 261|0x0000000760a00000, 0x0000000760a00000, 0x0000000760c00000|  0%| F|  |TAMS 0x0000000760a00000, 0x0000000760a00000| Untracked 
| 262|0x0000000760c00000, 0x0000000760c00000, 0x0000000760e00000|  0%| F|  |TAMS 0x0000000760c00000, 0x0000000760c00000| Untracked 
| 263|0x0000000760e00000, 0x0000000760e00000, 0x0000000761000000|  0%| F|  |TAMS 0x0000000760e00000, 0x0000000760e00000| Untracked 
| 264|0x0000000761000000, 0x0000000761000000, 0x0000000761200000|  0%| F|  |TAMS 0x0000000761000000, 0x0000000761000000| Untracked 
| 265|0x0000000761200000, 0x0000000761200000, 0x0000000761400000|  0%| F|  |TAMS 0x0000000761200000, 0x0000000761200000| Untracked 
| 266|0x0000000761400000, 0x0000000761400000, 0x0000000761600000|  0%| F|  |TAMS 0x0000000761400000, 0x0000000761400000| Untracked 
| 267|0x0000000761600000, 0x0000000761600000, 0x0000000761800000|  0%| F|  |TAMS 0x0000000761600000, 0x0000000761600000| Untracked 
| 268|0x0000000761800000, 0x0000000761800000, 0x0000000761a00000|  0%| F|  |TAMS 0x0000000761800000, 0x0000000761800000| Untracked 
| 269|0x0000000761a00000, 0x0000000761a00000, 0x0000000761c00000|  0%| F|  |TAMS 0x0000000761a00000, 0x0000000761a00000| Untracked 
| 270|0x0000000761c00000, 0x0000000761c00000, 0x0000000761e00000|  0%| F|  |TAMS 0x0000000761c00000, 0x0000000761c00000| Untracked 
| 271|0x0000000761e00000, 0x0000000761e00000, 0x0000000762000000|  0%| F|  |TAMS 0x0000000761e00000, 0x0000000761e00000| Untracked 
| 272|0x0000000762000000, 0x0000000762000000, 0x0000000762200000|  0%| F|  |TAMS 0x0000000762000000, 0x0000000762000000| Untracked 
| 273|0x0000000762200000, 0x0000000762200000, 0x0000000762400000|  0%| F|  |TAMS 0x0000000762200000, 0x0000000762200000| Untracked 
| 274|0x0000000762400000, 0x0000000762400000, 0x0000000762600000|  0%| F|  |TAMS 0x0000000762400000, 0x0000000762400000| Untracked 
| 275|0x0000000762600000, 0x0000000762600000, 0x0000000762800000|  0%| F|  |TAMS 0x0000000762600000, 0x0000000762600000| Untracked 
| 276|0x0000000762800000, 0x0000000762800000, 0x0000000762a00000|  0%| F|  |TAMS 0x0000000762800000, 0x0000000762800000| Untracked 
| 277|0x0000000762a00000, 0x0000000762a00000, 0x0000000762c00000|  0%| F|  |TAMS 0x0000000762a00000, 0x0000000762a00000| Untracked 
| 278|0x0000000762c00000, 0x0000000762c00000, 0x0000000762e00000|  0%| F|  |TAMS 0x0000000762c00000, 0x0000000762c00000| Untracked 
| 279|0x0000000762e00000, 0x0000000762e00000, 0x0000000763000000|  0%| F|  |TAMS 0x0000000762e00000, 0x0000000762e00000| Untracked 
| 280|0x0000000763000000, 0x0000000763000000, 0x0000000763200000|  0%| F|  |TAMS 0x0000000763000000, 0x0000000763000000| Untracked 
| 281|0x0000000763200000, 0x0000000763200000, 0x0000000763400000|  0%| F|  |TAMS 0x0000000763200000, 0x0000000763200000| Untracked 
| 282|0x0000000763400000, 0x0000000763400000, 0x0000000763600000|  0%| F|  |TAMS 0x0000000763400000, 0x0000000763400000| Untracked 
| 283|0x0000000763600000, 0x0000000763600000, 0x0000000763800000|  0%| F|  |TAMS 0x0000000763600000, 0x0000000763600000| Untracked 
| 284|0x0000000763800000, 0x0000000763800000, 0x0000000763a00000|  0%| F|  |TAMS 0x0000000763800000, 0x0000000763800000| Untracked 
| 285|0x0000000763a00000, 0x0000000763a00000, 0x0000000763c00000|  0%| F|  |TAMS 0x0000000763a00000, 0x0000000763a00000| Untracked 
| 286|0x0000000763c00000, 0x0000000763c00000, 0x0000000763e00000|  0%| F|  |TAMS 0x0000000763c00000, 0x0000000763c00000| Untracked 
| 287|0x0000000763e00000, 0x0000000763e00000, 0x0000000764000000|  0%| F|  |TAMS 0x0000000763e00000, 0x0000000763e00000| Untracked 
| 288|0x0000000764000000, 0x0000000764000000, 0x0000000764200000|  0%| F|  |TAMS 0x0000000764000000, 0x0000000764000000| Untracked 
| 289|0x0000000764200000, 0x0000000764200000, 0x0000000764400000|  0%| F|  |TAMS 0x0000000764200000, 0x0000000764200000| Untracked 
| 290|0x0000000764400000, 0x0000000764400000, 0x0000000764600000|  0%| F|  |TAMS 0x0000000764400000, 0x0000000764400000| Untracked 
| 291|0x0000000764600000, 0x0000000764600000, 0x0000000764800000|  0%| F|  |TAMS 0x0000000764600000, 0x0000000764600000| Untracked 
| 292|0x0000000764800000, 0x0000000764a00000, 0x0000000764a00000|100%| S|CS|TAMS 0x0000000764800000, 0x0000000764800000| Complete 
| 293|0x0000000764a00000, 0x0000000764c00000, 0x0000000764c00000|100%| S|CS|TAMS 0x0000000764a00000, 0x0000000764a00000| Complete 
| 294|0x0000000764c00000, 0x0000000764e00000, 0x0000000764e00000|100%| S|CS|TAMS 0x0000000764c00000, 0x0000000764c00000| Complete 
| 295|0x0000000764e00000, 0x0000000764e00000, 0x0000000765000000|  0%| F|  |TAMS 0x0000000764e00000, 0x0000000764e00000| Untracked 
| 296|0x0000000765000000, 0x0000000765000000, 0x0000000765200000|  0%| F|  |TAMS 0x0000000765000000, 0x0000000765000000| Untracked 
| 297|0x0000000765200000, 0x0000000765200000, 0x0000000765400000|  0%| F|  |TAMS 0x0000000765200000, 0x0000000765200000| Untracked 
| 298|0x0000000765400000, 0x0000000765400000, 0x0000000765600000|  0%| F|  |TAMS 0x0000000765400000, 0x0000000765400000| Untracked 
| 299|0x0000000765600000, 0x0000000765600000, 0x0000000765800000|  0%| F|  |TAMS 0x0000000765600000, 0x0000000765600000| Untracked 
| 300|0x0000000765800000, 0x0000000765800000, 0x0000000765a00000|  0%| F|  |TAMS 0x0000000765800000, 0x0000000765800000| Untracked 
| 301|0x0000000765a00000, 0x0000000765a00000, 0x0000000765c00000|  0%| F|  |TAMS 0x0000000765a00000, 0x0000000765a00000| Untracked 
| 302|0x0000000765c00000, 0x0000000765c00000, 0x0000000765e00000|  0%| F|  |TAMS 0x0000000765c00000, 0x0000000765c00000| Untracked 
| 303|0x0000000765e00000, 0x0000000765e00000, 0x0000000766000000|  0%| F|  |TAMS 0x0000000765e00000, 0x0000000765e00000| Untracked 
| 304|0x0000000766000000, 0x0000000766000000, 0x0000000766200000|  0%| F|  |TAMS 0x0000000766000000, 0x0000000766000000| Untracked 
| 305|0x0000000766200000, 0x0000000766200000, 0x0000000766400000|  0%| F|  |TAMS 0x0000000766200000, 0x0000000766200000| Untracked 
| 306|0x0000000766400000, 0x0000000766400000, 0x0000000766600000|  0%| F|  |TAMS 0x0000000766400000, 0x0000000766400000| Untracked 
| 307|0x0000000766600000, 0x0000000766600000, 0x0000000766800000|  0%| F|  |TAMS 0x0000000766600000, 0x0000000766600000| Untracked 
| 308|0x0000000766800000, 0x0000000766800000, 0x0000000766a00000|  0%| F|  |TAMS 0x0000000766800000, 0x0000000766800000| Untracked 
| 309|0x0000000766a00000, 0x0000000766a00000, 0x0000000766c00000|  0%| F|  |TAMS 0x0000000766a00000, 0x0000000766a00000| Untracked 
| 310|0x0000000766c00000, 0x0000000766c00000, 0x0000000766e00000|  0%| F|  |TAMS 0x0000000766c00000, 0x0000000766c00000| Untracked 
| 311|0x0000000766e00000, 0x0000000766e00000, 0x0000000767000000|  0%| F|  |TAMS 0x0000000766e00000, 0x0000000766e00000| Untracked 
| 312|0x0000000767000000, 0x0000000767000000, 0x0000000767200000|  0%| F|  |TAMS 0x0000000767000000, 0x0000000767000000| Untracked 
| 313|0x0000000767200000, 0x0000000767200000, 0x0000000767400000|  0%| F|  |TAMS 0x0000000767200000, 0x0000000767200000| Untracked 
| 314|0x0000000767400000, 0x0000000767400000, 0x0000000767600000|  0%| F|  |TAMS 0x0000000767400000, 0x0000000767400000| Untracked 
| 315|0x0000000767600000, 0x0000000767600000, 0x0000000767800000|  0%| F|  |TAMS 0x0000000767600000, 0x0000000767600000| Untracked 
| 316|0x0000000767800000, 0x0000000767800000, 0x0000000767a00000|  0%| F|  |TAMS 0x0000000767800000, 0x0000000767800000| Untracked 
| 317|0x0000000767a00000, 0x0000000767a00000, 0x0000000767c00000|  0%| F|  |TAMS 0x0000000767a00000, 0x0000000767a00000| Untracked 
| 318|0x0000000767c00000, 0x0000000767c00000, 0x0000000767e00000|  0%| F|  |TAMS 0x0000000767c00000, 0x0000000767c00000| Untracked 
| 319|0x0000000767e00000, 0x0000000767e00000, 0x0000000768000000|  0%| F|  |TAMS 0x0000000767e00000, 0x0000000767e00000| Untracked 
| 320|0x0000000768000000, 0x0000000768000000, 0x0000000768200000|  0%| F|  |TAMS 0x0000000768000000, 0x0000000768000000| Untracked 
| 321|0x0000000768200000, 0x0000000768200000, 0x0000000768400000|  0%| F|  |TAMS 0x0000000768200000, 0x0000000768200000| Untracked 
| 322|0x0000000768400000, 0x0000000768600000, 0x0000000768600000|100%| E|  |TAMS 0x0000000768400000, 0x0000000768400000| Complete 
| 323|0x0000000768600000, 0x0000000768800000, 0x0000000768800000|100%| E|CS|TAMS 0x0000000768600000, 0x0000000768600000| Complete 
| 324|0x0000000768800000, 0x0000000768a00000, 0x0000000768a00000|100%| E|CS|TAMS 0x0000000768800000, 0x0000000768800000| Complete 
| 325|0x0000000768a00000, 0x0000000768c00000, 0x0000000768c00000|100%| E|CS|TAMS 0x0000000768a00000, 0x0000000768a00000| Complete 
| 326|0x0000000768c00000, 0x0000000768e00000, 0x0000000768e00000|100%| E|CS|TAMS 0x0000000768c00000, 0x0000000768c00000| Complete 
| 327|0x0000000768e00000, 0x0000000769000000, 0x0000000769000000|100%| E|CS|TAMS 0x0000000768e00000, 0x0000000768e00000| Complete 
| 328|0x0000000769000000, 0x0000000769200000, 0x0000000769200000|100%| E|CS|TAMS 0x0000000769000000, 0x0000000769000000| Complete 
| 329|0x0000000769200000, 0x0000000769400000, 0x0000000769400000|100%| E|CS|TAMS 0x0000000769200000, 0x0000000769200000| Complete 
| 330|0x0000000769400000, 0x0000000769600000, 0x0000000769600000|100%| E|CS|TAMS 0x0000000769400000, 0x0000000769400000| Complete 
| 331|0x0000000769600000, 0x0000000769800000, 0x0000000769800000|100%| E|CS|TAMS 0x0000000769600000, 0x0000000769600000| Complete 
| 332|0x0000000769800000, 0x0000000769a00000, 0x0000000769a00000|100%| E|CS|TAMS 0x0000000769800000, 0x0000000769800000| Complete 
| 333|0x0000000769a00000, 0x0000000769c00000, 0x0000000769c00000|100%| E|CS|TAMS 0x0000000769a00000, 0x0000000769a00000| Complete 
| 334|0x0000000769c00000, 0x0000000769e00000, 0x0000000769e00000|100%| E|CS|TAMS 0x0000000769c00000, 0x0000000769c00000| Complete 
| 335|0x0000000769e00000, 0x000000076a000000, 0x000000076a000000|100%| E|CS|TAMS 0x0000000769e00000, 0x0000000769e00000| Complete 
| 336|0x000000076a000000, 0x000000076a200000, 0x000000076a200000|100%| E|CS|TAMS 0x000000076a000000, 0x000000076a000000| Complete 
| 337|0x000000076a200000, 0x000000076a400000, 0x000000076a400000|100%| E|CS|TAMS 0x000000076a200000, 0x000000076a200000| Complete 
| 338|0x000000076a400000, 0x000000076a600000, 0x000000076a600000|100%| E|CS|TAMS 0x000000076a400000, 0x000000076a400000| Complete 
| 339|0x000000076a600000, 0x000000076a800000, 0x000000076a800000|100%| E|CS|TAMS 0x000000076a600000, 0x000000076a600000| Complete 
| 340|0x000000076a800000, 0x000000076aa00000, 0x000000076aa00000|100%| E|CS|TAMS 0x000000076a800000, 0x000000076a800000| Complete 
| 341|0x000000076aa00000, 0x000000076ac00000, 0x000000076ac00000|100%| E|CS|TAMS 0x000000076aa00000, 0x000000076aa00000| Complete 
| 342|0x000000076ac00000, 0x000000076ae00000, 0x000000076ae00000|100%| E|CS|TAMS 0x000000076ac00000, 0x000000076ac00000| Complete 
| 343|0x000000076ae00000, 0x000000076b000000, 0x000000076b000000|100%| E|CS|TAMS 0x000000076ae00000, 0x000000076ae00000| Complete 
| 344|0x000000076b000000, 0x000000076b200000, 0x000000076b200000|100%| E|CS|TAMS 0x000000076b000000, 0x000000076b000000| Complete 
| 345|0x000000076b200000, 0x000000076b400000, 0x000000076b400000|100%| E|CS|TAMS 0x000000076b200000, 0x000000076b200000| Complete 
| 346|0x000000076b400000, 0x000000076b600000, 0x000000076b600000|100%| E|CS|TAMS 0x000000076b400000, 0x000000076b400000| Complete 
| 347|0x000000076b600000, 0x000000076b800000, 0x000000076b800000|100%| E|CS|TAMS 0x000000076b600000, 0x000000076b600000| Complete 
| 348|0x000000076b800000, 0x000000076ba00000, 0x000000076ba00000|100%| E|CS|TAMS 0x000000076b800000, 0x000000076b800000| Complete 
| 349|0x000000076ba00000, 0x000000076bc00000, 0x000000076bc00000|100%| E|CS|TAMS 0x000000076ba00000, 0x000000076ba00000| Complete 
| 350|0x000000076bc00000, 0x000000076be00000, 0x000000076be00000|100%| E|CS|TAMS 0x000000076bc00000, 0x000000076bc00000| Complete 
| 351|0x000000076be00000, 0x000000076c000000, 0x000000076c000000|100%| E|CS|TAMS 0x000000076be00000, 0x000000076be00000| Complete 
| 352|0x000000076c000000, 0x000000076c200000, 0x000000076c200000|100%| E|CS|TAMS 0x000000076c000000, 0x000000076c000000| Complete 
| 353|0x000000076c200000, 0x000000076c400000, 0x000000076c400000|100%| E|CS|TAMS 0x000000076c200000, 0x000000076c200000| Complete 
| 354|0x000000076c400000, 0x000000076c600000, 0x000000076c600000|100%| E|CS|TAMS 0x000000076c400000, 0x000000076c400000| Complete 
| 355|0x000000076c600000, 0x000000076c800000, 0x000000076c800000|100%| E|CS|TAMS 0x000000076c600000, 0x000000076c600000| Complete 
| 356|0x000000076c800000, 0x000000076ca00000, 0x000000076ca00000|100%| E|CS|TAMS 0x000000076c800000, 0x000000076c800000| Complete 
| 357|0x000000076ca00000, 0x000000076cc00000, 0x000000076cc00000|100%| E|CS|TAMS 0x000000076ca00000, 0x000000076ca00000| Complete 
| 358|0x000000076cc00000, 0x000000076ce00000, 0x000000076ce00000|100%| E|CS|TAMS 0x000000076cc00000, 0x000000076cc00000| Complete 
| 359|0x000000076ce00000, 0x000000076d000000, 0x000000076d000000|100%| E|CS|TAMS 0x000000076ce00000, 0x000000076ce00000| Complete 
| 360|0x000000076d000000, 0x000000076d200000, 0x000000076d200000|100%| E|CS|TAMS 0x000000076d000000, 0x000000076d000000| Complete 
| 361|0x000000076d200000, 0x000000076d400000, 0x000000076d400000|100%| E|CS|TAMS 0x000000076d200000, 0x000000076d200000| Complete 
| 362|0x000000076d400000, 0x000000076d600000, 0x000000076d600000|100%| E|CS|TAMS 0x000000076d400000, 0x000000076d400000| Complete 
| 363|0x000000076d600000, 0x000000076d800000, 0x000000076d800000|100%| E|CS|TAMS 0x000000076d600000, 0x000000076d600000| Complete 
| 364|0x000000076d800000, 0x000000076da00000, 0x000000076da00000|100%| E|CS|TAMS 0x000000076d800000, 0x000000076d800000| Complete 
| 365|0x000000076da00000, 0x000000076dc00000, 0x000000076dc00000|100%| E|  |TAMS 0x000000076da00000, 0x000000076da00000| Complete 
| 366|0x000000076dc00000, 0x000000076de00000, 0x000000076de00000|100%| E|CS|TAMS 0x000000076dc00000, 0x000000076dc00000| Complete 
| 367|0x000000076de00000, 0x000000076e000000, 0x000000076e000000|100%| E|CS|TAMS 0x000000076de00000, 0x000000076de00000| Complete 
| 368|0x000000076e000000, 0x000000076e200000, 0x000000076e200000|100%| E|CS|TAMS 0x000000076e000000, 0x000000076e000000| Complete 

Card table byte_map: [0x0000018531500000,0x0000018531b00000] _byte_map_base: 0x000001852db00000

Marking Bits (Prev, Next): (CMBitMap*) 0x0000018518458b10, (CMBitMap*) 0x0000018518458ad0
 Prev Bits: [0x0000018535100000, 0x0000018538100000)
 Next Bits: [0x0000018532100000, 0x0000018535100000)

Polling page: 0x00000185184d0000

Metaspace:

Usage:
  Non-class:    127.34 MB used.
      Class:     20.15 MB used.
       Both:    147.49 MB used.

Virtual space:
  Non-class space:      192.00 MB reserved,     128.19 MB ( 67%) committed,  3 nodes.
      Class space:      416.00 MB reserved,      21.00 MB (  5%) committed,  1 nodes.
             Both:      608.00 MB reserved,     149.19 MB ( 25%) committed. 

Chunk freelists:
   Non-Class:  15.34 MB
       Class:  10.94 MB
        Both:  26.28 MB

MaxMetaspaceSize: 512.00 MB
CompressedClassSpaceSize: 416.00 MB
Initial GC threshold: 21.00 MB
Current GC threshold: 205.62 MB
CDS: on
MetaspaceReclaimPolicy: balanced
 - commit_granule_bytes: 65536.
 - commit_granule_words: 8192.
 - virtual_space_node_default_size: 8388608.
 - enlarge_chunks_in_place: 1.
 - new_chunks_are_fully_committed: 0.
 - uncommit_free_chunks: 1.
 - use_allocation_guard: 0.
 - handle_deallocations: 1.


Internal statistics:

num_allocs_failed_limit: 18.
num_arena_births: 2712.
num_arena_deaths: 0.
num_vsnodes_births: 4.
num_vsnodes_deaths: 0.
num_space_committed: 2385.
num_space_uncommitted: 0.
num_chunks_returned_to_freelist: 18.
num_chunks_taken_from_freelist: 9760.
num_chunk_merges: 18.
num_chunk_splits: 6263.
num_chunks_enlarged: 3893.
num_inconsistent_stats: 0.

CodeHeap 'non-profiled nmethods': size=120000Kb used=18217Kb max_used=18371Kb free=101782Kb
 bounds [0x0000018528f60000, 0x000001852a160000, 0x0000018530490000]
CodeHeap 'profiled nmethods': size=120000Kb used=40644Kb max_used=41745Kb free=79356Kb
 bounds [0x0000018521490000, 0x0000018523d60000, 0x00000185289c0000]
CodeHeap 'non-nmethods': size=5760Kb used=1873Kb max_used=2006Kb free=3886Kb
 bounds [0x00000185289c0000, 0x0000018528c30000, 0x0000018528f60000]
 total_blobs=22040 nmethods=21054 adapters=895
 compilation: enabled
              stopped_count=0, restarted_count=0
 full_count=0

Compilation events (20 events):
Event: 77.634 Thread 0x000001853abdbb10 nmethod 27281 0x0000018523c6a690 code [0x0000018523c6a9c0, 0x0000018523c6bef8]
Event: 77.639 Thread 0x000001853abdbb10 27282       3       sun.nio.fs.WindowsPath::hashCode (52 bytes)
Event: 77.640 Thread 0x000001853abdbb10 nmethod 27282 0x0000018523ad7b90 code [0x0000018523ad7de0, 0x0000018523ad87d8]
Event: 77.640 Thread 0x000001853abdbb10 27285       3       java.util.EnumSet::typeCheck (59 bytes)
Event: 77.641 Thread 0x000001853abdbb10 nmethod 27285 0x00000185238bf790 code [0x00000185238bfa40, 0x00000185238c0538]
Event: 77.641 Thread 0x000001853abdbb10 27283       3       jdk.internal.jimage.ImageReader::findLocation (14 bytes)
Event: 77.642 Thread 0x000001853abdbb10 nmethod 27283 0x0000018522294010 code [0x00000185222941e0, 0x0000018522294538]
Event: 77.642 Thread 0x000001853abdbb10 27284       3       jdk.internal.jimage.BasicImageReader::findLocation (57 bytes)
Event: 77.643 Thread 0x000001853abdbb10 nmethod 27284 0x00000185224e0310 code [0x00000185224e0580, 0x00000185224e1048]
Event: 77.643 Thread 0x000001853abdbb10 27286   !   3       jdk.internal.loader.BuiltinClassLoader::defineClass (162 bytes)
Event: 77.645 Thread 0x000001853abda9b0 nmethod 27280 0x0000018529f3ae90 code [0x0000018529f3b0e0, 0x0000018529f3be20]
Event: 77.645 Thread 0x000001853abdbb10 nmethod 27286 0x0000018523ba4e90 code [0x0000018523ba5320, 0x0000018523ba7928]
Event: 77.645 Thread 0x000001853abdbb10 27287       3       jdk.internal.loader.BuiltinClassLoader$LoadedModule::codeSourceURL (32 bytes)
Event: 77.645 Thread 0x000001853abdbb10 nmethod 27287 0x0000018522409390 code [0x0000018522409540, 0x0000018522409868]
Event: 77.645 Thread 0x000001853abdbb10 27288       3       jdk.internal.jimage.ImageReader::getResourceBuffer (13 bytes)
Event: 77.646 Thread 0x000001853abdbb10 nmethod 27288 0x00000185214f7610 code [0x00000185214f77e0, 0x00000185214f7b38]
Event: 77.646 Thread 0x000001853abdbb10 27289       3       jdk.internal.module.SystemModuleFinders$SystemModuleReader::release (10 bytes)
Event: 77.646 Thread 0x000001853abdbb10 nmethod 27289 0x0000018521d7d190 code [0x0000018521d7d380, 0x0000018521d7d818]
Event: 77.646 Thread 0x000001853abdbb10 27290       3       jdk.internal.jimage.ImageReader::releaseByteBuffer (5 bytes)
Event: 77.646 Thread 0x000001853abdbb10 nmethod 27290 0x0000018523060910 code [0x0000018523060ac0, 0x0000018523060d88]

GC Heap History (20 events):
Event: 41.193 GC heap before
{Heap before GC invocations=61 (full 0):
 garbage-first heap   total 468992K, used 295961K [0x0000000740000000, 0x0000000800000000)
  region size 2048K, 22 young (45056K), 5 survivors (10240K)
 Metaspace       used 126393K, committed 127872K, reserved 557056K
  class space    used 17834K, committed 18560K, reserved 425984K
}
Event: 41.216 GC heap after
{Heap after GC invocations=62 (full 0):
 garbage-first heap   total 468992K, used 270844K [0x0000000740000000, 0x0000000800000000)
  region size 2048K, 3 young (6144K), 3 survivors (6144K)
 Metaspace       used 126393K, committed 127872K, reserved 557056K
  class space    used 17834K, committed 18560K, reserved 425984K
}
Event: 41.448 GC heap before
{Heap before GC invocations=62 (full 0):
 garbage-first heap   total 468992K, used 285180K [0x0000000740000000, 0x0000000800000000)
  region size 2048K, 11 young (22528K), 3 survivors (6144K)
 Metaspace       used 126428K, committed 127936K, reserved 557056K
  class space    used 17834K, committed 18560K, reserved 425984K
}
Event: 41.481 GC heap after
{Heap after GC invocations=63 (full 0):
 garbage-first heap   total 755712K, used 278206K [0x0000000740000000, 0x0000000800000000)
  region size 2048K, 2 young (4096K), 2 survivors (4096K)
 Metaspace       used 126428K, committed 127936K, reserved 557056K
  class space    used 17834K, committed 18560K, reserved 425984K
}
Event: 45.146 GC heap before
{Heap before GC invocations=63 (full 0):
 garbage-first heap   total 755712K, used 528062K [0x0000000740000000, 0x0000000800000000)
  region size 2048K, 123 young (251904K), 2 survivors (4096K)
 Metaspace       used 130988K, committed 132480K, reserved 557056K
  class space    used 18465K, committed 19200K, reserved 425984K
}
Event: 45.241 GC heap after
{Heap after GC invocations=64 (full 0):
 garbage-first heap   total 755712K, used 369164K [0x0000000740000000, 0x0000000800000000)
  region size 2048K, 16 young (32768K), 16 survivors (32768K)
 Metaspace       used 130988K, committed 132480K, reserved 557056K
  class space    used 18465K, committed 19200K, reserved 425984K
}
Event: 47.471 GC heap before
{Heap before GC invocations=64 (full 0):
 garbage-first heap   total 755712K, used 516620K [0x0000000740000000, 0x0000000800000000)
  region size 2048K, 88 young (180224K), 16 survivors (32768K)
 Metaspace       used 131792K, committed 133312K, reserved 557056K
  class space    used 18566K, committed 19328K, reserved 425984K
}
Event: 47.522 GC heap after
{Heap after GC invocations=65 (full 0):
 garbage-first heap   total 755712K, used 386600K [0x0000000740000000, 0x0000000800000000)
  region size 2048K, 7 young (14336K), 7 survivors (14336K)
 Metaspace       used 131792K, committed 133312K, reserved 557056K
  class space    used 18566K, committed 19328K, reserved 425984K
}
Event: 50.082 GC heap before
{Heap before GC invocations=65 (full 0):
 garbage-first heap   total 755712K, used 544296K [0x0000000740000000, 0x0000000800000000)
  region size 2048K, 83 young (169984K), 7 survivors (14336K)
 Metaspace       used 132320K, committed 133888K, reserved 557056K
  class space    used 18628K, committed 19392K, reserved 425984K
}
Event: 50.110 GC heap after
{Heap after GC invocations=66 (full 0):
 garbage-first heap   total 755712K, used 405445K [0x0000000740000000, 0x0000000800000000)
  region size 2048K, 11 young (22528K), 11 survivors (22528K)
 Metaspace       used 132320K, committed 133888K, reserved 557056K
  class space    used 18628K, committed 19392K, reserved 425984K
}
Event: 51.231 GC heap before
{Heap before GC invocations=66 (full 0):
 garbage-first heap   total 755712K, used 583621K [0x0000000740000000, 0x0000000800000000)
  region size 2048K, 90 young (184320K), 11 survivors (22528K)
 Metaspace       used 132611K, committed 134144K, reserved 557056K
  class space    used 18649K, committed 19392K, reserved 425984K
}
Event: 51.271 GC heap after
{Heap after GC invocations=67 (full 0):
 garbage-first heap   total 755712K, used 433477K [0x0000000740000000, 0x0000000800000000)
  region size 2048K, 6 young (12288K), 6 survivors (12288K)
 Metaspace       used 132611K, committed 134144K, reserved 557056K
  class space    used 18649K, committed 19392K, reserved 425984K
}
Event: 57.941 GC heap before
{Heap before GC invocations=67 (full 0):
 garbage-first heap   total 755712K, used 623941K [0x0000000740000000, 0x0000000800000000)
  region size 2048K, 84 young (172032K), 6 survivors (12288K)
 Metaspace       used 139743K, committed 141376K, reserved 557056K
  class space    used 19510K, committed 20288K, reserved 425984K
}
Event: 57.956 GC heap after
{Heap after GC invocations=68 (full 0):
 garbage-first heap   total 755712K, used 415641K [0x0000000740000000, 0x0000000800000000)
  region size 2048K, 6 young (12288K), 6 survivors (12288K)
 Metaspace       used 139743K, committed 141376K, reserved 557056K
  class space    used 19510K, committed 20288K, reserved 425984K
}
Event: 64.279 GC heap before
{Heap before GC invocations=68 (full 0):
 garbage-first heap   total 755712K, used 606105K [0x0000000740000000, 0x0000000800000000)
  region size 2048K, 94 young (192512K), 6 survivors (12288K)
 Metaspace       used 142145K, committed 143744K, reserved 557056K
  class space    used 19718K, committed 20480K, reserved 425984K
}
Event: 64.318 GC heap after
{Heap after GC invocations=69 (full 0):
 garbage-first heap   total 755712K, used 459311K [0x0000000740000000, 0x0000000800000000)
  region size 2048K, 12 young (24576K), 12 survivors (24576K)
 Metaspace       used 142145K, committed 143744K, reserved 557056K
  class space    used 19718K, committed 20480K, reserved 425984K
}
Event: 67.372 GC heap before
{Heap before GC invocations=69 (full 0):
 garbage-first heap   total 755712K, used 627247K [0x0000000740000000, 0x0000000800000000)
  region size 2048K, 80 young (163840K), 12 survivors (24576K)
 Metaspace       used 146328K, committed 147968K, reserved 557056K
  class space    used 20088K, committed 20864K, reserved 425984K
}
Event: 67.395 GC heap after
{Heap after GC invocations=70 (full 0):
 garbage-first heap   total 755712K, used 468570K [0x0000000740000000, 0x0000000800000000)
  region size 2048K, 4 young (8192K), 4 survivors (8192K)
 Metaspace       used 146328K, committed 147968K, reserved 557056K
  class space    used 20088K, committed 20864K, reserved 425984K
}
Event: 74.563 GC heap before
{Heap before GC invocations=70 (full 0):
 garbage-first heap   total 755712K, used 609882K [0x0000000740000000, 0x0000000800000000)
  region size 2048K, 74 young (151552K), 4 survivors (8192K)
 Metaspace       used 148497K, committed 150080K, reserved 557056K
  class space    used 20305K, committed 21056K, reserved 425984K
}
Event: 74.574 GC heap after
{Heap after GC invocations=71 (full 0):
 garbage-first heap   total 755712K, used 466885K [0x0000000740000000, 0x0000000800000000)
  region size 2048K, 3 young (6144K), 3 survivors (6144K)
 Metaspace       used 148497K, committed 150080K, reserved 557056K
  class space    used 20305K, committed 21056K, reserved 425984K
}

Deoptimization events (20 events):
Event: 77.531 Thread 0x000001855ba92e20 Uncommon trap: trap_request=0xffffffbe fr.pc=0x0000018529432480 relative=0x0000000000000460
Event: 77.531 Thread 0x000001855ba92e20 Uncommon trap: reason=profile_predicate action=maybe_recompile pc=0x0000018529432480 method=jdk.internal.jimage.ImageStringsReader.stringFromByteBufferMatches(Ljava/nio/ByteBuffer;ILjava/lang/String;I)I @ 19 c2
Event: 77.531 Thread 0x000001855ba92e20 DEOPT PACKING pc=0x0000018529432480 sp=0x000000028a1f3ff0
Event: 77.531 Thread 0x000001855ba92e20 DEOPT UNPACKING pc=0x0000018528a123a3 sp=0x000000028a1f3f68 mode 2
Event: 77.531 Thread 0x000001855ba92e20 Uncommon trap: trap_request=0xffffffbe fr.pc=0x0000018529432480 relative=0x0000000000000460
Event: 77.531 Thread 0x000001855ba92e20 Uncommon trap: reason=profile_predicate action=maybe_recompile pc=0x0000018529432480 method=jdk.internal.jimage.ImageStringsReader.stringFromByteBufferMatches(Ljava/nio/ByteBuffer;ILjava/lang/String;I)I @ 19 c2
Event: 77.531 Thread 0x000001855ba92e20 DEOPT PACKING pc=0x0000018529432480 sp=0x000000028a1f3ff0
Event: 77.531 Thread 0x000001855ba92e20 DEOPT UNPACKING pc=0x0000018528a123a3 sp=0x000000028a1f3f68 mode 2
Event: 77.531 Thread 0x000001855ba92e20 Uncommon trap: trap_request=0xffffffbe fr.pc=0x0000018529432480 relative=0x0000000000000460
Event: 77.531 Thread 0x000001855ba92e20 Uncommon trap: reason=profile_predicate action=maybe_recompile pc=0x0000018529432480 method=jdk.internal.jimage.ImageStringsReader.stringFromByteBufferMatches(Ljava/nio/ByteBuffer;ILjava/lang/String;I)I @ 19 c2
Event: 77.531 Thread 0x000001855ba92e20 DEOPT PACKING pc=0x0000018529432480 sp=0x000000028a1f3ff0
Event: 77.531 Thread 0x000001855ba92e20 DEOPT UNPACKING pc=0x0000018528a123a3 sp=0x000000028a1f3f68 mode 2
Event: 77.531 Thread 0x000001855ba92e20 Uncommon trap: trap_request=0xffffffbe fr.pc=0x0000018529432480 relative=0x0000000000000460
Event: 77.531 Thread 0x000001855ba92e20 Uncommon trap: reason=profile_predicate action=maybe_recompile pc=0x0000018529432480 method=jdk.internal.jimage.ImageStringsReader.stringFromByteBufferMatches(Ljava/nio/ByteBuffer;ILjava/lang/String;I)I @ 19 c2
Event: 77.531 Thread 0x000001855ba92e20 DEOPT PACKING pc=0x0000018529432480 sp=0x000000028a1f3ff0
Event: 77.531 Thread 0x000001855ba92e20 DEOPT UNPACKING pc=0x0000018528a123a3 sp=0x000000028a1f3f68 mode 2
Event: 77.562 Thread 0x000001855ba92e20 Uncommon trap: trap_request=0xffffff45 fr.pc=0x0000018529f2a4b8 relative=0x0000000000000818
Event: 77.562 Thread 0x000001855ba92e20 Uncommon trap: reason=unstable_if action=reinterpret pc=0x0000018529f2a4b8 method=jdk.internal.loader.BuiltinClassLoader.loadClassOrNull(Ljava/lang/String;Z)Ljava/lang/Class; @ 100 c2
Event: 77.562 Thread 0x000001855ba92e20 DEOPT PACKING pc=0x0000018529f2a4b8 sp=0x000000028a1f77d0
Event: 77.562 Thread 0x000001855ba92e20 DEOPT UNPACKING pc=0x0000018528a123a3 sp=0x000000028a1f7780 mode 2

Classes unloaded (0 events):
No events

Classes redefined (0 events):
No events

Internal exceptions (20 events):
Event: 77.328 Thread 0x000001855ba919e0 Exception <a 'sun/nio/fs/WindowsException'{0x0000000769c90110}> (0x0000000769c90110) 
thrown [s\open\src\hotspot\share\prims\jni.cpp, line 516]
Event: 77.328 Thread 0x000001855ba919e0 Exception <a 'sun/nio/fs/WindowsException'{0x0000000769c91f28}> (0x0000000769c91f28) 
thrown [s\open\src\hotspot\share\prims\jni.cpp, line 516]
Event: 77.328 Thread 0x000001855ba919e0 Exception <a 'sun/nio/fs/WindowsException'{0x0000000769c92dd0}> (0x0000000769c92dd0) 
thrown [s\open\src\hotspot\share\prims\jni.cpp, line 516]
Event: 77.328 Thread 0x000001855ba919e0 Exception <a 'sun/nio/fs/WindowsException'{0x0000000769c92e60}> (0x0000000769c92e60) 
thrown [s\open\src\hotspot\share\prims\jni.cpp, line 516]
Event: 77.328 Thread 0x000001855ba919e0 Exception <a 'sun/nio/fs/WindowsException'{0x0000000769c93268}> (0x0000000769c93268) 
thrown [s\open\src\hotspot\share\prims\jni.cpp, line 516]
Event: 77.329 Thread 0x000001855ba919e0 Exception <a 'sun/nio/fs/WindowsException'{0x0000000769c950a8}> (0x0000000769c950a8) 
thrown [s\open\src\hotspot\share\prims\jni.cpp, line 516]
Event: 77.341 Thread 0x000001855ba919e0 Exception <a 'java/lang/NoSuchMethodError'{0x0000000769ddefb8}: static Lcom/android/builder/internal/aapt/AaptOptions;.<clinit>()V> (0x0000000769ddefb8) 
thrown [s\open\src\hotspot\share\prims\jni.cpp, line 1112]
Event: 77.343 Thread 0x000001855ba919e0 Exception <a 'java/lang/NoSuchMethodError'{0x0000000769a02ba0}: static Ljava/lang/Object;.<clinit>()V> (0x0000000769a02ba0) 
thrown [s\open\src\hotspot\share\prims\jni.cpp, line 1112]
Event: 77.344 Thread 0x000001855ba919e0 Exception <a 'java/lang/NoSuchMethodError'{0x0000000769a25e78}: static Lcom/android/build/api/variant/impl/SerializableApplicationMultiOutputHandler;.<clinit>()V> (0x0000000769a25e78) 
thrown [s\open\src\hotspot\share\prims\jni.cpp, line 1112]
Event: 77.345 Thread 0x000001855ba919e0 Exception <a 'java/lang/NoSuchMethodError'{0x0000000769a3d8f8}: static Lcom/android/build/api/variant/impl/VariantOutputImpl$SerializedForm;.<clinit>()V> (0x0000000769a3d8f8) 
thrown [s\open\src\hotspot\share\prims\jni.cpp, line 1112]
Event: 77.346 Thread 0x000001855ba919e0 Exception <a 'java/lang/NoSuchMethodError'{0x0000000769a536e8}: static Lcom/android/build/api/variant/impl/VariantOutputConfigurationImpl;.<clinit>()V> (0x0000000769a536e8) 
thrown [s\open\src\hotspot\share\prims\jni.cpp, line 1112]
Event: 77.349 Thread 0x000001855ba92e20 Exception <a 'sun/nio/fs/WindowsException'{0x000000076a3db010}> (0x000000076a3db010) 
thrown [s\open\src\hotspot\share\prims\jni.cpp, line 516]
Event: 77.350 Thread 0x000001855ba92e20 Exception <a 'sun/nio/fs/WindowsException'{0x000000076a3dd4c0}> (0x000000076a3dd4c0) 
thrown [s\open\src\hotspot\share\prims\jni.cpp, line 516]
Event: 77.350 Thread 0x000001855ba92e20 Exception <a 'sun/nio/fs/WindowsException'{0x000000076a3df730}> (0x000000076a3df730) 
thrown [s\open\src\hotspot\share\prims\jni.cpp, line 516]
Event: 77.364 Thread 0x000001855ba92e20 Exception <a 'sun/nio/fs/WindowsException'{0x000000076964b750}> (0x000000076964b750) 
thrown [s\open\src\hotspot\share\prims\jni.cpp, line 516]
Event: 77.365 Thread 0x000001855ba92e20 Exception <a 'sun/nio/fs/WindowsException'{0x000000076964eca0}> (0x000000076964eca0) 
thrown [s\open\src\hotspot\share\prims\jni.cpp, line 516]
Event: 77.365 Thread 0x000001855ba92e20 Exception <a 'sun/nio/fs/WindowsException'{0x0000000769651fe8}> (0x0000000769651fe8) 
thrown [s\open\src\hotspot\share\prims\jni.cpp, line 516]
Event: 77.431 Thread 0x000001855b273820 Exception <a 'java/lang/NoSuchMethodError'{0x00000007691b6a20}: 'void java.lang.invoke.DirectMethodHandle$Holder.invokeStatic(java.lang.Object, long)'> (0x00000007691b6a20) 
thrown [s\open\src\hotspot\share\interpreter\linkResolver.cpp, line 759]
Event: 77.434 Thread 0x000001855b273820 Exception <a 'java/lang/NoSuchMethodError'{0x00000007691c1af0}: 'java.lang.Object java.lang.invoke.DirectMethodHandle$Holder.invokeStatic(java.lang.Object, java.lang.Object, long, java.lang.Object)'> (0x00000007691c1af0) 
thrown [s\open\src\hotspot\share\interpreter\linkResolver.cpp, line 759]
Event: 77.435 Thread 0x000001855b273820 Exception <a 'java/lang/NoSuchMethodError'{0x00000007691c5570}: 'java.lang.Object java.lang.invoke.DirectMethodHandle$Holder.invokeStaticInit(java.lang.Object, java.lang.Object, long, java.lang.Object)'> (0x00000007691c5570) 
thrown [s\open\src\hotspot\share\interpreter\linkResolver.cpp, line 759]

VM Operations (20 events):
Event: 74.113 Executing VM operation: HandshakeAllThreads
Event: 74.113 Executing VM operation: HandshakeAllThreads done
Event: 74.114 Executing VM operation: HandshakeAllThreads
Event: 74.114 Executing VM operation: HandshakeAllThreads done
Event: 74.202 Executing VM operation: HandshakeAllThreads
Event: 74.203 Executing VM operation: HandshakeAllThreads done
Event: 74.371 Executing VM operation: ICBufferFull
Event: 74.372 Executing VM operation: ICBufferFull done
Event: 74.563 Executing VM operation: G1CollectForAllocation
Event: 74.574 Executing VM operation: G1CollectForAllocation done
Event: 76.574 Executing VM operation: Cleanup
Event: 76.574 Executing VM operation: Cleanup done
Event: 77.386 Executing VM operation: HandshakeAllThreads
Event: 77.386 Executing VM operation: HandshakeAllThreads done
Event: 77.404 Executing VM operation: HandshakeAllThreads
Event: 77.404 Executing VM operation: HandshakeAllThreads done
Event: 77.439 Executing VM operation: HandshakeAllThreads
Event: 77.439 Executing VM operation: HandshakeAllThreads done
Event: 77.542 Executing VM operation: HandshakeAllThreads
Event: 77.542 Executing VM operation: HandshakeAllThreads done

Events (20 events):
Event: 77.441 Thread 0x000001855ff3a490 Thread added: 0x000001855ff3a490
Event: 77.456 Thread 0x000001855ff38630 Thread added: 0x000001855ff38630
Event: 77.521 loading class java/nio/charset/IllegalCharsetNameException
Event: 77.521 loading class java/nio/charset/IllegalCharsetNameException done
Event: 77.522 loading class java/nio/file/ProviderNotFoundException
Event: 77.522 loading class java/nio/file/ProviderNotFoundException done
Event: 77.540 loading class java/util/JumboEnumSet
Event: 77.540 loading class java/util/JumboEnumSet done
Event: 77.554 loading class java/util/JumboEnumSet$EnumSetIterator
Event: 77.554 loading class java/util/JumboEnumSet$EnumSetIterator done
Event: 77.561 loading class java/util/ResourceBundle$KeyElementReference
Event: 77.562 loading class java/util/ResourceBundle$CacheKeyReference
Event: 77.562 loading class java/util/ResourceBundle$CacheKeyReference done
Event: 77.562 loading class java/util/ResourceBundle$KeyElementReference done
Event: 77.562 loading class java/util/ResourceBundle$3
Event: 77.562 loading class java/util/ResourceBundle$3 done
Event: 77.569 loading class java/util/ResourceBundle$BundleReference
Event: 77.569 loading class java/util/ResourceBundle$BundleReference done
Event: 77.641 loading class java/util/ServiceLoader$ProviderSpliterator
Event: 77.641 loading class java/util/ServiceLoader$ProviderSpliterator done


Dynamic libraries:
0x00007ff68d2e0000 - 0x00007ff68d2f0000 	C:\Program Files\Java\jdk-17\bin\java.exe
0x00007ff9b22b0000 - 0x00007ff9b24a8000 	C:\Windows\SYSTEM32\ntdll.dll
0x00007ff9b1eb0000 - 0x00007ff9b1f72000 	C:\Windows\System32\KERNEL32.DLL
0x00007ff9afa80000 - 0x00007ff9afd76000 	C:\Windows\System32\KERNELBASE.dll
0x00007ff9b0150000 - 0x00007ff9b0250000 	C:\Windows\System32\ucrtbase.dll
0x00007ff989ed0000 - 0x00007ff989eeb000 	C:\Program Files\Java\jdk-17\bin\VCRUNTIME140.dll
0x00007ff9aa910000 - 0x00007ff9aa929000 	C:\Program Files\Java\jdk-17\bin\jli.dll
0x00007ff9b0c60000 - 0x00007ff9b0d11000 	C:\Windows\System32\ADVAPI32.dll
0x00007ff9b17e0000 - 0x00007ff9b187e000 	C:\Windows\System32\msvcrt.dll
0x00007ff9b1530000 - 0x00007ff9b15cf000 	C:\Windows\System32\sechost.dll
0x00007ff9b1900000 - 0x00007ff9b1a20000 	C:\Windows\System32\RPCRT4.dll
0x00007ff9aff10000 - 0x00007ff9aff37000 	C:\Windows\System32\bcrypt.dll
0x00007ff9b0e30000 - 0x00007ff9b0fd1000 	C:\Windows\System32\USER32.dll
0x00007ff9afee0000 - 0x00007ff9aff02000 	C:\Windows\System32\win32u.dll
0x00007ff98fae0000 - 0x00007ff98fd7b000 	C:\Windows\WinSxS\amd64_microsoft.windows.common-controls_6595b64144ccf1df_6.0.19041.6456_none_60b8a6cb71f64256\COMCTL32.dll
0x00007ff9b1730000 - 0x00007ff9b175b000 	C:\Windows\System32\GDI32.dll
0x00007ff9b0030000 - 0x00007ff9b0149000 	C:\Windows\System32\gdi32full.dll
0x00007ff9aff40000 - 0x00007ff9affdd000 	C:\Windows\System32\msvcp_win.dll
0x00007ff9aaff0000 - 0x00007ff9aaffa000 	C:\Windows\SYSTEM32\VERSION.dll
0x00007ff9b2090000 - 0x00007ff9b20bf000 	C:\Windows\System32\IMM32.DLL
0x00007ff9ab7e0000 - 0x00007ff9ab7ec000 	C:\Program Files\Java\jdk-17\bin\vcruntime140_1.dll
0x00007ff978c40000 - 0x00007ff978cce000 	C:\Program Files\Java\jdk-17\bin\msvcp140.dll
0x00007ff95c9c0000 - 0x00007ff95d5a0000 	C:\Program Files\Java\jdk-17\bin\server\jvm.dll
0x00007ff9b1760000 - 0x00007ff9b1768000 	C:\Windows\System32\PSAPI.DLL
0x00007ff9ab9b0000 - 0x00007ff9ab9b9000 	C:\Windows\SYSTEM32\WSOCK32.dll
0x00007ff998a60000 - 0x00007ff998a87000 	C:\Windows\SYSTEM32\WINMM.dll
0x00007ff9b1770000 - 0x00007ff9b17db000 	C:\Windows\System32\WS2_32.dll
0x00007ff9ae110000 - 0x00007ff9ae122000 	C:\Windows\SYSTEM32\kernel.appcore.dll
0x00007ff9ab780000 - 0x00007ff9ab78a000 	C:\Program Files\Java\jdk-17\bin\jimage.dll
0x00007ff9addf0000 - 0x00007ff9adff1000 	C:\Windows\SYSTEM32\DBGHELP.DLL
0x00007ff9a77c0000 - 0x00007ff9a77f4000 	C:\Windows\SYSTEM32\dbgcore.DLL
0x00007ff9af940000 - 0x00007ff9af9c2000 	C:\Windows\System32\bcryptPrimitives.dll
0x00007ff9ab750000 - 0x00007ff9ab75e000 	C:\Program Files\Java\jdk-17\bin\instrument.dll
0x00007ff989ea0000 - 0x00007ff989ec5000 	C:\Program Files\Java\jdk-17\bin\java.dll
0x00007ff978440000 - 0x00007ff978517000 	C:\Program Files\Java\jdk-17\bin\jsvml.dll
0x00007ff9b02d0000 - 0x00007ff9b0a40000 	C:\Windows\System32\SHELL32.dll
0x00007ff9ad570000 - 0x00007ff9add15000 	C:\Windows\SYSTEM32\windows.storage.dll
0x00007ff9b1100000 - 0x00007ff9b1454000 	C:\Windows\System32\combase.dll
0x00007ff9af280000 - 0x00007ff9af2ab000 	C:\Windows\SYSTEM32\Wldp.dll
0x00007ff9b1460000 - 0x00007ff9b152d000 	C:\Windows\System32\OLEAUT32.dll
0x00007ff9b1f80000 - 0x00007ff9b202d000 	C:\Windows\System32\SHCORE.dll
0x00007ff9b2030000 - 0x00007ff9b208b000 	C:\Windows\System32\shlwapi.dll
0x00007ff9af870000 - 0x00007ff9af894000 	C:\Windows\SYSTEM32\profapi.dll
0x00007ff9891d0000 - 0x00007ff9891e8000 	C:\Program Files\Java\jdk-17\bin\zip.dll
0x00007ff989e80000 - 0x00007ff989e99000 	C:\Program Files\Java\jdk-17\bin\net.dll
0x00007ff9ac5a0000 - 0x00007ff9ac6aa000 	C:\Windows\SYSTEM32\WINHTTP.dll
0x00007ff9af070000 - 0x00007ff9af0da000 	C:\Windows\system32\mswsock.dll
0x00007ff989e60000 - 0x00007ff989e76000 	C:\Program Files\Java\jdk-17\bin\nio.dll
0x00007ff9a1b30000 - 0x00007ff9a1b40000 	C:\Program Files\Java\jdk-17\bin\verify.dll
0x00007ff994000000 - 0x00007ff994027000 	C:\Users\hp\.gradle\native\660c5614fbf4a5f2a75b1949f50a0caf5cd603558e7d8a26e50b933a0cfb79d1\windows-amd64\native-platform.dll
0x00007ff985940000 - 0x00007ff9859b7000 	C:\Users\hp\.gradle\native\0.2.8\x86_64-windows-gnu\gradle-fileevents.dll
0x00007ff9aa9f0000 - 0x00007ff9aa9fa000 	C:\Program Files\Java\jdk-17\bin\management.dll
0x00007ff9a1ca0000 - 0x00007ff9a1cab000 	C:\Program Files\Java\jdk-17\bin\management_ext.dll
0x00007ff9aed20000 - 0x00007ff9aed5b000 	C:\Windows\SYSTEM32\IPHLPAPI.DLL
0x00007ff9b1ea0000 - 0x00007ff9b1ea8000 	C:\Windows\System32\NSI.dll
0x00007ff9a9710000 - 0x00007ff9a9727000 	C:\Windows\SYSTEM32\dhcpcsvc6.DLL
0x00007ff9aaf60000 - 0x00007ff9aaf7d000 	C:\Windows\SYSTEM32\dhcpcsvc.DLL
0x00007ff9aed70000 - 0x00007ff9aee3a000 	C:\Windows\SYSTEM32\DNSAPI.dll
0x00007ff9af2d0000 - 0x00007ff9af2e8000 	C:\Windows\SYSTEM32\CRYPTSP.dll
0x00007ff9ae940000 - 0x00007ff9ae978000 	C:\Windows\system32\rsaenh.dll
0x00007ff9af7f0000 - 0x00007ff9af81e000 	C:\Windows\SYSTEM32\USERENV.dll
0x00007ff9af2b0000 - 0x00007ff9af2bc000 	C:\Windows\SYSTEM32\CRYPTBASE.dll
0x00007ff9ab740000 - 0x00007ff9ab74e000 	C:\Program Files\Java\jdk-17\bin\sunmscapi.dll
0x00007ff9afd80000 - 0x00007ff9afedd000 	C:\Windows\System32\CRYPT32.dll
0x00007ff9af3e0000 - 0x00007ff9af407000 	C:\Windows\SYSTEM32\ncrypt.dll
0x00007ff9af3a0000 - 0x00007ff9af3db000 	C:\Windows\SYSTEM32\NTASN1.dll
0x00007ff9ab730000 - 0x00007ff9ab737000 	C:\Windows\system32\wshunix.dll
0x00007ff9ab9e0000 - 0x00007ff9ab9e7000 	C:\Program Files\Java\jdk-17\bin\rmi.dll
0x00007ff9aeb90000 - 0x00007ff9aebc3000 	C:\Windows\SYSTEM32\ntmarta.dll

dbghelp: loaded successfully - version: 4.0.5 - missing functions: none
symbol engine: initialized successfully - sym options: 0x614 - pdb path: .;C:\Program Files\Java\jdk-17\bin;C:\Windows\SYSTEM32;C:\Windows\WinSxS\amd64_microsoft.windows.common-controls_6595b64144ccf1df_6.0.19041.6456_none_60b8a6cb71f64256;C:\Program Files\Java\jdk-17\bin\server;C:\Users\hp\.gradle\native\660c5614fbf4a5f2a75b1949f50a0caf5cd603558e7d8a26e50b933a0cfb79d1\windows-amd64;C:\Users\hp\.gradle\native\0.2.8\x86_64-windows-gnu

VM Arguments:
jvm_args: --add-opens=java.base/java.lang=ALL-UNNAMED --add-opens=java.base/java.lang.invoke=ALL-UNNAMED --add-opens=java.base/java.util=ALL-UNNAMED --add-opens=java.prefs/java.util.prefs=ALL-UNNAMED --add-exports=jdk.compiler/com.sun.tools.javac.api=ALL-UNNAMED --add-exports=jdk.compiler/com.sun.tools.javac.util=ALL-UNNAMED --add-opens=java.base/java.util=ALL-UNNAMED --add-opens=java.prefs/java.util.prefs=ALL-UNNAMED --add-opens=java.base/java.nio.charset=ALL-UNNAMED --add-opens=java.base/java.net=ALL-UNNAMED --add-opens=java.base/java.util.concurrent=ALL-UNNAMED --add-opens=java.base/java.util.concurrent.atomic=ALL-UNNAMED --add-opens=java.xml/javax.xml.namespace=ALL-UNNAMED --add-opens=java.base/java.time=ALL-UNNAMED -XX:MaxMetaspaceSize=512m -Xmx3072m -Dfile.encoding=windows-1252 -Duser.country=US -Duser.language=en -Duser.variant -javaagent:C:\Users\hp\.gradle\wrapper\dists\gradle-9.4.1-bin\arn2x92ynaizyzdaamcbpbhtj\gradle-9.4.1\lib\agents\gradle-instrumentation-agent-9.4.1.jar 
java_command: org.gradle.launcher.daemon.bootstrap.GradleDaemon 9.4.1
java_class_path (initial): C:\Users\hp\.gradle\wrapper\dists\gradle-9.4.1-bin\arn2x92ynaizyzdaamcbpbhtj\gradle-9.4.1\lib\gradle-daemon-main-9.4.1.jar
Launcher Type: SUN_STANDARD

[Global flags]
     intx CICompilerCount                          = 4                                         {product} {ergonomic}
   size_t CompressedClassSpaceSize                 = 436207616                                 {product} {ergonomic}
     uint ConcGCThreads                            = 2                                         {product} {ergonomic}
     uint G1ConcRefinementThreads                  = 8                                         {product} {ergonomic}
   size_t G1HeapRegionSize                         = 2097152                                   {product} {ergonomic}
    uintx GCDrainStackTargetSize                   = 64                                        {product} {ergonomic}
   size_t InitialHeapSize                          = 266338304                                 {product} {ergonomic}
   size_t MarkStackSize                            = 4194304                                   {product} {ergonomic}
   size_t MaxHeapSize                              = 3221225472                                {product} {command line}
   size_t MaxMetaspaceSize                         = 536870912                                 {product} {command line}
   size_t MaxNewSize                               = 1931476992                                {product} {ergonomic}
   size_t MinHeapDeltaBytes                        = 2097152                                   {product} {ergonomic}
   size_t MinHeapSize                              = 8388608                                   {product} {ergonomic}
    uintx NonNMethodCodeHeapSize                   = 5839372                                {pd product} {ergonomic}
    uintx NonProfiledCodeHeapSize                  = 122909434                              {pd product} {ergonomic}
    uintx ProfiledCodeHeapSize                     = 122909434                              {pd product} {ergonomic}
    uintx ReservedCodeCacheSize                    = 251658240                              {pd product} {ergonomic}
     bool SegmentedCodeCache                       = true                                      {product} {ergonomic}
   size_t SoftMaxHeapSize                          = 3221225472                             {manageable} {ergonomic}
     bool UseCompressedClassPointers               = true                           {product lp64_product} {ergonomic}
     bool UseCompressedOops                        = true                           {product lp64_product} {ergonomic}
     bool UseG1GC                                  = true                                      {product} {ergonomic}
     bool UseLargePagesIndividualAllocation        = false                                  {pd product} {ergonomic}

Logging:
Log output configuration:
 #0: stdout all=warning uptime,level,tags
 #1: stderr all=off uptime,level,tags

Environment Variables:
JAVA_HOME=C:\Program Files\Java\jdk-17
PATH=D:\Projects\myproj\myproj\klyenora\node_modules\.bin;D:\Projects\myproj\myproj\klyenora\node_modules\.bin;D:\Projects\myproj\myproj\node_modules\.bin;D:\Projects\myproj\node_modules\.bin;D:\Projects\node_modules\.bin;D:\node_modules\.bin;C:\Users\hp\AppData\Local\nvm\v20.17.0\node_modules\npm\node_modules\@npmcli\run-script\lib\node-gyp-bin;C:\Program Files\Common Files\Oracle\Java\javapath;C:\Windows\system32;C:\Windows;C:\Windows\System32\Wbem;C:\Windows\System32\WindowsPowerShell\v1.0\;C:\Windows\System32\OpenSSH\;C:\Users\hp\AppData\Local\nvm;C:\nvm4w\nodejs;C:\Program Files\Git\cmd;D:\xampp\php;C:\ProgramData\ComposerSetup\bin;C:\Program Files\GitHub CLI\;C:\Users\hp\AppData\Local\Microsoft\WindowsApps;C:\Users\hp\AppData\Local\nvm;C:\nvm4w\nodejs;C:\Users\hp\AppData\Local\Android\Sdk\emulator;C:\Users\hp\AppData\Local\Android\Sdk\platform-tools;C:\Users\hp\AppData\Local\Android\Sdk\tools;C:\Users\hp\AppData\Local\Android\Sdk\tools\bin;C:\Users\hp\AppData\Local\Programs\Microsoft VS Code\bin;C:\Program Files\Java\jdk-11.0.31\bin;C:\Users\hp\AppData\Roaming\Composer\vendor\bin;D:\Users\hp\AppData\Local\Programs\Antigravity IDE\bin
USERNAME=Munir
LANG=en_US.UTF-8
OS=Windows_NT
PROCESSOR_IDENTIFIER=Intel64 Family 6 Model 142 Stepping 12, GenuineIntel



---------------  S Y S T E M  ---------------

OS:
 Windows 10 , 64 bit Build 19041 (10.0.19041.5915)
OS uptime: 0 days 4:45 hours
Hyper-V role detected

CPU: total 8 (initial active 8) (4 cores per cpu, 2 threads per core) family 6 model 142 stepping 12 microcode 0x100, cx8, cmov, fxsr, ht, mmx, 3dnowpref, sse, sse2, sse3, ssse3, sse4.1, sse4.2, popcnt, lzcnt, tsc, tscinvbit, avx, avx2, aes, erms, clmul, bmi1, bmi2, adx, fma, vzeroupper, clflush, clflushopt, hv

Memory: 4k page, system-wide physical 16157M (3593M free)
TotalPageFile size 16705M (AvailPageFile size 3M)
current process WorkingSet (physical memory assigned to process): 1167M, peak: 1170M
current process commit charge ("private bytes"): 1235M, peak: 1241M

vm_info: Java HotSpot(TM) 64-Bit Server VM (17.0.12+8-LTS-286) for windows-amd64 JRE (17.0.12+8-LTS-286), built on Jun  5 2024 06:46:59 by "mach5one" with MS VC++ 17.6 (VS2022)

END.
